المعرف,الفئة,العنوان الأصلي,العنوان العربي/الترجمة الوصفية,المسؤولية العلمية,الناشر/المؤسسة,السنة,الطبعة/الأجزاء,ISBN/DOI,بيانات الدورية,بيانات المخطوط,النوع,اللغة,اللغة الأساسية,العصر,المحاور,النطاق الجغرافي,القيمة البحثية,مستوى القارئ,التقييم,سبب التقييم وحدود الاستخدام,رابط السجل/الناشر,رابط النص/المادة,الإتاحة,الحقوق,حالة التحقق,ما الذي فُحص فعليًا,أساس الوصف,فائدة المشروع,ملاحظات,ربط بـ v4.9,الإصدار,سجل التغيير,تاريخ التحقق,معرف المسار
LIB-PRI-036,مصدر أصلي,البيان المغرب في أخبار الأندلس والمغرب,,ابن عذاري المراكشي,لم أتحقق (فهرس الشاملة لا يذكر الطبعة),لم أتحقق,لم أتحقق,لا ينطبق/لم أتحقق,,,نص تراثي,العربية,العربية,,,,حوليات الأندلس والمغرب؛ نص أساسي لعصر الإمارة والخلافة,,A,مصدر أولي معتمد؛ الترقيم ترقيم الطبعة كما تعرضه الشاملة ويُقابل بالمطبوع قبل النشر,,https://shamela.ws/book/11782,نص كامل عبر المكتبة الشاملة,النص في الملك العام؛ التحقيق والحواشي لأصحابها,فحص أجزاء من المحتوى,صفحات بعينها عبر وصلة الشاملة (انظر verification_log_v1_2.csv),فهرس الشاملة + قراءة مباشرة,,,,v1.2,أُضيف لسد فجوة المصادر الأولية,2026-09-23,
LIB-PRI-037,مصدر أصلي,نفح الطيب من غصن الأندلس الرطيب,,المقري التلمساني (ت 1041هـ)؛ تحقيق: إحسان عباس (بحسب عنوان نسخة الشاملة),لم أتحقق (فهرس الشاملة لا يذكر الطبعة),لم أتحقق,لم أتحقق,لا ينطبق/لم أتحقق,,,نص تراثي,العربية,العربية,,,,موسوعة أدبية تاريخية متأخرة تنقل نصوصًا مفقودة (منها الإحاطة وتعليقات ابن لسان الدين),,A,مصدر أولي معتمد؛ الترقيم ترقيم الطبعة كما تعرضه الشاملة ويُقابل بالمطبوع قبل النشر,,https://shamela.ws/book/1002,نص كامل عبر المكتبة الشاملة,النص في الملك العام؛ التحقيق والحواشي لأصحابها,فحص أجزاء من المحتوى,صفحات بعينها عبر وصلة الشاملة (انظر verification_log_v1_2.csv),فهرس الشاملة + قراءة مباشرة,,,,v1.2,أُضيف لسد فجوة المصادر الأولية,2026-09-23,
LIB-PRI-038,مصدر أصلي,الإحاطة في أخبار غرناطة,,لسان الدين ابن الخطيب (ت 776هـ),لم أتحقق (فهرس الشاملة لا يذكر الطبعة),لم أتحقق,لم أتحقق,لا ينطبق/لم أتحقق,,,نص تراثي,العربية,العربية,,,,المصدر الأول لتراجم غرناطة النصرية؛ في النسخة زيادات مختصِر بعد ترجمة المؤلف لنفسه,,A,مصدر أولي معتمد؛ الترقيم ترقيم الطبعة كما تعرضه الشاملة ويُقابل بالمطبوع قبل النشر,,https://shamela.ws/book/11682,نص كامل عبر المكتبة الشاملة,النص في الملك العام؛ التحقيق والحواشي لأصحابها,فحص أجزاء من المحتوى,صفحات بعينها عبر وصلة الشاملة (انظر verification_log_v1_2.csv),فهرس الشاملة + قراءة مباشرة,,,,v1.2,أُضيف لسد فجوة المصادر الأولية,2026-09-23,
LIB-PRI-039,مصدر أصلي,جذوة المقتبس في ذكر ولاة الأندلس,,الحميدي (ت 488هـ),لم أتحقق (فهرس الشاملة لا يذكر الطبعة),لم أتحقق,لم أتحقق,لا ينطبق/لم أتحقق,,,نص تراثي,العربية,العربية,,,,تراجم ولاة الأندلس وعلمائها؛ كنى الأمراء وألقابهم,,A,مصدر أولي معتمد؛ الترقيم ترقيم الطبعة كما تعرضه الشاملة ويُقابل بالمطبوع قبل النشر,,https://shamela.ws/book/5742,نص كامل عبر المكتبة الشاملة,النص في الملك العام؛ التحقيق والحواشي لأصحابها,فحص أجزاء من المحتوى,صفحات بعينها عبر وصلة الشاملة (انظر verification_log_v1_2.csv),فهرس الشاملة + قراءة مباشرة,,,,v1.2,أُضيف لسد فجوة المصادر الأولية,2026-09-23,
LIB-PRI-040,مصدر أصلي,تاريخ إسبانية الإسلامية أو كتاب أعمال الأعلام في من بويع قبل الاحتلام من ملوك الإسلام,أعمال الأعلام — القسم الخاص بالأندلس,لسان الدين ابن الخطيب (ت 776هـ)؛ تحقيق وتعليق: إ. ليفي بروفنسال,دار المكشوف، بيروت,1956 (الطبعة الثانية، آذار),الطبعة الثانية؛ مجلد واحد، نحو 380 ص (النص حتى ص321 ثم الفهارس),لا ينطبق,,,نص تراثي محقق,عربية,عربية,,,,تاريخ الأندلس من بني أمية إلى بني نصر حتى الولاية الثانية لمحمد الخامس، كتبه ابن الخطيب بين 774 و776هـ؛ مصدر معاصر لسلاطين غرناطة (ص286–321).,,A,مصدر أولي لمؤلف معاصر لبني نصر وفاعل في بلاطهم؛ تحيز محتمل لممدوحيه. ترجمة محمد الأول مبتورة في هذه الطبعة (ص286). مقدمة المحقق كلام حديث يُعزى إليه لا إلى ابن الخطيب.,https://archive.org/details/ar106biog55,https://archive.org/details/ar106biog55,نص كامل (مصوّر في أرشيف الإنترنت),الطبعة محفوظة الحقوق لدار المكشوف؛ النص التراثي في الملك العام,فحص أجزاء من المحتوى,صور الصفحات كاملة (197 صورة، كل صورة صفحتان) أرسلها المستخدم من أرشيف الإنترنت: صفحة العنوان وبيانات الطبعة وفهرس المحتويات ومقدمة المحقق وقسم بني نصر ص286–321 بتعرّف ضوئي وقراءة بصرية للمواضع المعتمدة. (تاريخ التحقق: 2026-09-24),محتوى,خط زمني; بطاقة شخصية; مقال موسوعي,النسخة المصوّرة المتداولة مصدرها موقع تحميل (abbassa.wordpress.com) كما يظهر على الصورة؛ لا تُعاد نشرها.,,v1.2,سجل جديد,2026-09-24,
LIB-PRI-041,مصدر أصلي,تاريخ ابن خلدون (كتاب العبر وديوان المبتدأ والخبر),,ابن خلدون (ت 808هـ),لم أتحقق (فهرس الشاملة لا يذكر الطبعة),لم أتحقق,لم أتحقق,لا ينطبق/لم أتحقق,,,نص تراثي,العربية,العربية,,,,تاريخ عام؛ أخبار بني مرين وبني الأحمر بشهادة معاصر,,A,مصدر أولي معتمد؛ الترقيم ترقيم الطبعة كما تعرضه الشاملة ويُقابل بالمطبوع قبل النشر,,https://shamela.ws/book/12320,نص كامل عبر المكتبة الشاملة,النص في الملك العام؛ التحقيق والحواشي لأصحابها,فحص أجزاء من المحتوى,صفحات بعينها عبر وصلة الشاملة (انظر verification_log_v1_2.csv),فهرس الشاملة + قراءة مباشرة,,فُحصت ج7 ص452–453 عبر وصلة الشاملة,,v1.2,أُضيف شاهدًا أوليًا لمقتل ابن الخطيب (AST-G28),2026-09-24,
LIB-PRI-042,مصدر أصلي,رحلة ابن خلدون (التعريف بابن خلدون ورحلته غربًا وشرقًا),,ابن خلدون (ت 808هـ),لم أتحقق (فهرس الشاملة لا يذكر الطبعة),لم أتحقق,لم أتحقق,لا ينطبق/لم أتحقق,,,نص تراثي,العربية,العربية,,,,سيرة ذاتية لمعاصر ابن الخطيب وصديقه,,A,مصدر أولي معتمد؛ الترقيم ترقيم الطبعة كما تعرضه الشاملة ويُقابل بالمطبوع قبل النشر,,https://shamela.ws/book/37022,نص كامل عبر المكتبة الشاملة,النص في الملك العام؛ التحقيق والحواشي لأصحابها,فحص أجزاء من المحتوى,صفحات بعينها عبر وصلة الشاملة (انظر verification_log_v1_2.csv),فهرس الشاملة + قراءة مباشرة,,فُحصت ص187 عبر وصلة الشاملة,,v1.2,أُضيف شاهدًا أوليًا لمقتل ابن الخطيب (AST-G28),2026-09-24,
LIB-PRI-043,مصدر أصلي,الذخيرة في محاسن أهل الجزيرة,,ابن بسام الشنتريني (ت 542هـ),لم أتحقق (فهرس الشاملة لا يذكر الطبعة),لم أتحقق,لم أتحقق,لا ينطبق/لم أتحقق,,,نص تراثي,العربية,العربية,,,,تراجم وأخبار عصر الطوائف، وينقل نصوص ابن حيان,,A,مصدر أولي معتمد؛ الترقيم ترقيم الطبعة كما تعرضه الشاملة ويُقابل بالمطبوع قبل النشر,,https://shamela.ws/book/1035,نص كامل عبر المكتبة الشاملة,النص في الملك العام؛ التحقيق والحواشي لأصحابها,فحص أجزاء من المحتوى,صفحات بعينها عبر وصلة الشاملة (انظر verification_log_v1_2.csv),فهرس الشاملة + قراءة مباشرة,,فُحصت ج1 ص37 وص436 عبر وصلة الشاملة,,v1.2,أُضيف شاهدًا أوليًا (CHG-1216),2026-09-24,
LIB-PRI-044,مصدر أصلي,رسائل ابن حزم (رسالة في فضل الأندلس وذكر رجالها),,ابن حزم (ت 456هـ),لم أتحقق (فهرس الشاملة لا يذكر الطبعة),لم أتحقق,لم أتحقق,لا ينطبق/لم أتحقق,,,نص تراثي,العربية,العربية,,,,شهادة معاصر على علماء الأندلس في القرن الخامس,,A,مصدر أولي معتمد؛ الترقيم ترقيم الطبعة كما تعرضه الشاملة ويُقابل بالمطبوع قبل النشر,,https://shamela.ws/book/1038,نص كامل عبر المكتبة الشاملة,النص في الملك العام؛ التحقيق والحواشي لأصحابها,فحص أجزاء من المحتوى,صفحات بعينها عبر وصلة الشاملة (انظر verification_log_v1_2.csv),فهرس الشاملة + قراءة مباشرة,,فُحصت ج2 ص185 عبر وصلة الشاملة,,v1.2,أُضيف شاهدًا أوليًا (CHG-1216),2026-09-24,
