الشاهد,الإسناد,القيمة,حالة الإسناد,المصدر,الموضع,النص,الموقف,المطابقة وطريقتها,ملاحظة,الرابط
ATT-001,AST-001,756,موثّق,دولة الإسلام في الأندلس,ج1 ص154 (بحسب ترقيم الشاملة للمطبوع)، الفصل الثاني: بعث الدولة الأموية في الأندلس,وبويع في الحال بالإمارة، وذلك في العاشر من ذى الحجة سنة ١٣٨هـ (١٣ مايو سنة ٧٥٦ م),يدعم,مطابق حرفيًا (فحص آلي بأداة verify_quote في وصلة الشاملة، 2026-09-23),,https://shamela.ws/book/1009/152
ATT-002,AST-001,756,موثّق,Metropolitan Museum — Heilbrunn Timeline of Art History,فقرة عبد الرحمن الأول,'Abd al-Rahman I (r. 756–88) made Córdoba his capital,يدعم,مطابق حرفيًا (فحص الصفحة الحية عبر WebFetch بنموذج مساعد، 2026-09-23 — يُعاد بالعين قبل النشر),معرّف LIB-ENC للـMet غير محدد في المهمة؛ تُرك فارغًا,https://www.metmuseum.org/essays/the-art-of-the-umayyad-period-in-spain-711-1031
ATT-003,AST-002,929,موثّق,دولة الإسلام في الأندلس,ج1 ص429 (بحسب ترقيم الشاملة للمطبوع)، الفصل الأول: ولاية عبد الرحمن الناصر,ونفذ الأمر بذلك في يوم الجمعة مستهل ذي الحجة سنة ٣١٦ هـ,يدعم,مطابق حرفيًا (فحص آلي بأداة verify_quote في وصلة الشاملة، 2026-09-23),١ ذو الحجة ٣١٦هـ ≈ ١٦ يناير ٩٢٩م (تحويل تقريبي، لا يرد في النص),https://shamela.ws/book/1009/421
ATT-004,AST-002,929,موثّق,Metropolitan Museum — Heilbrunn Timeline of Art History,فقرة عبد الرحمن الثالث,who became the first Spanish Umayyad amir to declare himself caliph (929),يدعم,مطابق حرفيًا (فحص الصفحة الحية عبر WebFetch بنموذج مساعد، 2026-09-23 — يُعاد بالعين قبل النشر),,https://www.metmuseum.org/essays/the-art-of-the-umayyad-period-in-spain-711-1031
ATT-005,AST-003,929,موثّق,UNESCO — Historic Centre of Cordoba,Brief Synthesis,"In 929, Abderraman III established it as the headquarters of the independent Caliphate.",يدعم,مطابق حرفيًا (فحص الصفحة الحية عبر WebFetch بنموذج مساعد، 2026-09-23 — يُعاد بالعين قبل النشر),,https://whc.unesco.org/en/list/313
ATT-006,AST-003,929,موثّق,The Coinage of al-Andalus,p. 74,"In the year 316/929 the eighth emir of al-Andalus, 'Abd al-Raḥmān III, was proclaimed caliph in Cordoba.",يدعم,مطابق حرفيًا (فحص الصفحة الحية عبر WebFetch بنموذج مساعد، 2026-09-23 — يُعاد بالعين قبل النشر),,https://shedet.journals.ekb.eg/article_87829_4b1aefcbf0be7e09c877183df0d16b06.pdf
ATT-007,AST-004,1009–1031,موثّق جزئيًا,UNESCO — Historic Centre of Cordoba,Statement of Outstanding Universal Value,The Historic Centre of Córdoba is the highly relevant testimony to the Caliphate of Cordoba (929-1031),يدعم جزئيًا,مطابق حرفيًا (فحص الصفحة الحية عبر WebFetch بنموذج مساعد، 2026-09-23 — يُعاد بالعين قبل النشر),يعطي 1031 نهايةً دون ذكر 1009,https://whc.unesco.org/en/list/313
ATT-008,AST-004,1009–1031,موثّق جزئيًا,دولة الإسلام في الأندلس,ج1 ص642 (بحسب ترقيم الشاملة للمطبوع)، الكتاب الرابع، الفصل الأول: الخلافة فى معترك الفتنة والفوضى,تربع محمد بن هشام الملقب بالمهدي على كرسي الخلافة، مكان الخليفة هشام المؤيد، في ١٧ جمادى الآخرة سنة ٣٩٩ هـ (١٦ فبراير سنة ١٠٠٩ م),يدعم جزئيًا,مطابق حرفيًا (فحص آلي بأداة verify_quote في وصلة الشاملة، 2026-09-23),يدعم الحد الأول 1009,https://shamela.ws/book/1009/631
ATT-009,AST-005,1009,موثّق,دولة الإسلام في الأندلس,ج1 ص642 (بحسب ترقيم الشاملة للمطبوع)، الكتاب الرابع، الفصل الأول,تربع محمد بن هشام الملقب بالمهدي على كرسي الخلافة، مكان الخليفة هشام المؤيد، في ١٧ جمادى الآخرة سنة ٣٩٩ هـ (١٦ فبراير سنة ١٠٠٩ م),يدعم,مطابق حرفيًا (فحص آلي بأداة verify_quote في وصلة الشاملة، 2026-09-23),,https://shamela.ws/book/1009/631
ATT-010,AST-005,1009,موثّق,UNESCO — Caliphate City of Medina Azahara,Description,laid to waste during the civil war that put an end to the Caliphate in 1009-1010,يدعم جزئيًا,مطابق حرفيًا (فحص الصفحة الحية عبر WebFetch بنموذج مساعد، 2026-09-23 — يُعاد بالعين قبل النشر),يؤرخ الحرب الأهلية بـ1009–1010,https://whc.unesco.org/en/list/1560
ATT-011,AST-006,1031,موثّق,دولة الإسلام في الأندلس,ج1 ص669 (بحسب ترقيم الشاملة للمطبوع)، الكتاب الرابع، الفصل الثاني: دولة بنى حمود,(ذو القعدة سنة ٤٢٢ هـ - نوفمبر سنة ١٠٣١ م),يدعم,مطابق حرفيًا (فحص آلي بأداة verify_quote في وصلة الشاملة، 2026-09-23),في السياق نفسه: «والتخلص جملة من بني أمية، وإبطال رسم الخلافة»,https://shamela.ws/book/1009/658
ATT-012,AST-006,1031,موثّق,UNESCO — Historic Centre of Cordoba,Statement of Outstanding Universal Value,the Caliphate of Cordoba (929-1031),يدعم,مطابق حرفيًا (فحص الصفحة الحية عبر WebFetch بنموذج مساعد، 2026-09-23 — يُعاد بالعين قبل النشر),,https://whc.unesco.org/en/list/313
ATT-013,AST-006,1031,موثّق,Metropolitan Museum — Heilbrunn Timeline of Art History,عنوان المقال,The Art of the Umayyad Period in Spain (711–1031),يدعم جزئيًا,مطابق حرفيًا (فحص الصفحة الحية عبر WebFetch بنموذج مساعد، 2026-09-23 — يُعاد بالعين قبل النشر),العنوان يحدّ الحقبة الأموية بـ1031,https://www.metmuseum.org/essays/the-art-of-the-umayyad-period-in-spain-711-1031
ATT-014,AST-007,756–788 (أمير),حُسم الخلاف,Metropolitan Museum — Heilbrunn Timeline of Art History,فقرة عبد الرحمن الأول,'Abd al-Rahman I (r. 756–88),يدعم,مطابق حرفيًا (فحص الصفحة الحية عبر WebFetch بنموذج مساعد، 2026-09-23 — يُعاد بالعين قبل النشر),,https://www.metmuseum.org/essays/the-art-of-the-umayyad-period-in-spain-711-1031
ATT-015,AST-007,756–788 (أمير),حُسم الخلاف,دولة الإسلام في الأندلس,ج1 ص192 (بحسب ترقيم الشاملة للمطبوع)، الفصل السادس: خلال عبد الرحمن ومآثره,توفي عبد الرحمن الأموي في الرابع والعشرين من ربيع الآخر سنة ١٧٢ هـ (٢ أكتوبر سنة ٧٨٧ م),يخالف,مطابق حرفيًا (فحص آلي بأداة verify_quote في وصلة الشاملة، 2026-09-23),عنان يحوّل ١٧٢هـ إلى ٧٨٧م؛ ٢٤ ربيع الآخر ١٧٢هـ يقع فعليًا نحو ٣٠ سبتمبر/١ أكتوبر ٧٨٨م، فالأرجح خطأ تحويل/طباعة، لكنه تعارض مدوَّن,https://shamela.ws/book/1009/190
ATT-016,AST-008,912–929 (أمير),موثّق,دولة الإسلام في الأندلس,ج1 ص373 (بحسب ترقيم الشاملة للمطبوع)، الفصل الأول: ولاية عبد الرحمن الناصر,في مستهل ربيع الأول سنة ٣٠٠ هـ (١٥ أكتوبر سنة ٩١٢ م),يدعم,مطابق حرفيًا (فحص آلي بأداة verify_quote في وصلة الشاملة، 2026-09-23),تاريخ وفاة الأمير عبد الله وتولي حفيده عبد الرحمن في اليوم نفسه,https://shamela.ws/book/1009/365
ATT-017,AST-008,912–929 (أمير),موثّق,Discover Islamic Art (Museum With No Frontiers),Description,Abd al-Rahman III (r. AH 299–350 / AD 912–61),يدعم جزئيًا,مطابق حرفيًا (فحص الصفحة الحية عبر WebFetch بنموذج مساعد، 2026-09-23 — يُعاد بالعين قبل النشر),يدعم 912 بدايةً؛ لاحظ أن الموقع يكتب 299هـ بدل 300هـ,https://islamicart.museumwnf.org/database_item.php?id=monument%3Bisl%3Bes%3Bmon01%3B2%3Ben
ATT-018,AST-009,929–961 (خليفة),موثّق,Discover Islamic Art (Museum With No Frontiers),Description,Abd al-Rahman III (r. AH 299–350 / AD 912–61),يدعم جزئيًا,مطابق حرفيًا (فحص الصفحة الحية عبر WebFetch بنموذج مساعد، 2026-09-23 — يُعاد بالعين قبل النشر),يدعم نهاية 961,https://islamicart.museumwnf.org/database_item.php?id=monument%3Bisl%3Bes%3Bmon01%3B2%3Ben
ATT-019,AST-009,929–961 (خليفة),موثّق,دولة الإسلام في الأندلس,ج1 ص483 (بحسب ترقيم الشاملة للمطبوع)، الكتاب الثاني ق4، الفصل الأول: الحكم المستنصر بالله,وبويع الحكم في اليوم التالي لوفاة أبيه، في الثالث من رمضان سنة ٣٥٠ هـ (١٦ أكتوبر ٩٦١ م),يدعم,مطابق حرفيًا (فحص آلي بأداة verify_quote في وصلة الشاملة، 2026-09-23),يستلزم وفاة الناصر ٢ رمضان ٣٥٠هـ/١٥ أكتوبر ٩٦١م,https://shamela.ws/book/1009/474
ATT-020,AST-009,929–961 (خليفة),موثّق,UNESCO — Historic Centre of Cordoba,Brief Synthesis,"In 929, Abderraman III established it as the headquarters of the independent Caliphate.",يدعم جزئيًا,مطابق حرفيًا (فحص الصفحة الحية عبر WebFetch بنموذج مساعد، 2026-09-23 — يُعاد بالعين قبل النشر),يدعم البداية 929 فقط,https://whc.unesco.org/en/list/313
ATT-021,AST-010,961–976 (خليفة),موثّق,Discover Islamic Art (Museum With No Frontiers),Description,al-Hakam II (r. AH 350–66 / AD 961–76),يدعم,مطابق حرفيًا (فحص الصفحة الحية عبر WebFetch بنموذج مساعد، 2026-09-23 — يُعاد بالعين قبل النشر),,https://islamicart.museumwnf.org/database_item.php?id=monument%3Bisl%3Bes%3Bmon01%3B2%3Ben
ATT-022,AST-010,961–976 (خليفة),موثّق,دولة الإسلام في الأندلس,ج1 ص517 (بحسب ترقيم الشاملة للمطبوع)، الفصل الثاني: هشام المؤيد بالله,لما توفي الحكم المستنصر بالله، في اليوم الثاني من صفر سنة ٣٦٦ هـ,يدعم,مطابق حرفيًا (فحص آلي بأداة verify_quote في وصلة الشاملة، 2026-09-23),٢ صفر ٣٦٦هـ ≈ ١ أكتوبر ٩٧٦م (تحويل تقريبي),https://shamela.ws/book/1009/508
ATT-023,AST-010,961–976 (خليفة),موثّق,Metropolitan Museum — Heilbrunn Timeline of Art History,فقرة الحكم الثاني,al-Hakam II (r. 961–76),يدعم,مطابق حرفيًا (فحص الصفحة الحية عبر WebFetch بنموذج مساعد، 2026-09-23 — يُعاد بالعين قبل النشر),,https://www.metmuseum.org/essays/the-art-of-the-umayyad-period-in-spain-711-1031
ATT-024,AST-011,756–756 / 138هـ,موثّق,دولة الإسلام في الأندلس,ج1 ص154 (بحسب ترقيم الشاملة للمطبوع),وبويع في الحال بالإمارة، وذلك في العاشر من ذى الحجة سنة ١٣٨هـ (١٣ مايو سنة ٧٥٦ م),يدعم,مطابق حرفيًا (فحص آلي بأداة verify_quote في وصلة الشاملة، 2026-09-23),,https://shamela.ws/book/1009/152
ATT-025,AST-012,929–929 / 316هـ,حُسم الخلاف,دولة الإسلام في الأندلس,ج1 ص429 (بحسب ترقيم الشاملة للمطبوع)، الفصل الأول: ولاية عبد الرحمن الناصر,ونفذ الأمر بذلك في يوم الجمعة مستهل ذي الحجة سنة ٣١٦ هـ,يدعم,مطابق حرفيًا (فحص مباشر),,https://shamela.ws/book/1009/421
ATT-026,AST-012,929–929 / 316هـ,حُسم الخلاف,The Coinage of al-Andalus,p. 74,"In the year 316/929 the eighth emir of al-Andalus, 'Abd al-Raḥmān III, was proclaimed caliph in Cordoba.",يدعم,مطابق حرفيًا (فحص الصفحة الحية عبر WebFetch بنموذج مساعد، 2026-09-23 — يُعاد بالعين قبل النشر),,https://shedet.journals.ekb.eg/article_87829_4b1aefcbf0be7e09c877183df0d16b06.pdf
ATT-027,AST-012,929–929 / 316هـ,حُسم الخلاف,دولة الإسلام في الأندلس,ج1 ص401 (بحسب ترقيم الشاملة للمطبوع)، حاشية (١),كان عبد الرحمن قد اتخذ سمة الخلافة وتلقب بالناصر لدين الله منذ سنة ٣١٧ هـ,يخالف,مطابق حرفيًا (فحص مباشر),تعارض داخلي عند عنان: المتن ٣١٦هـ (ص429) والحاشية ٣١٧هـ,https://shamela.ws/book/1009/393
ATT-028,AST-015,خراب مدينة الزهراء في الفتنة: دخلها البربر أواخر ربيع الأول 401هـ (نوفمبر 1010م)، واستُؤصل خرابها في أيام المستكفي 414–416هـ (1024–1025م),صُحح وموثّق,UNESCO — Caliphate City of Medina Azahara,Description,laid to waste during the civil war that put an end to the Caliphate in 1009-1010,يدعم جزئيًا,مطابق حرفيًا (فحص مباشر),يحصر الخراب في 1009–1010، والمصادر الأولية تجعل الخراب التام في أيام المستكفي (414–416هـ/1024–1025م).,https://whc.unesco.org/en/list/1560
ATT-029,AST-015,خراب مدينة الزهراء في الفتنة: دخلها البربر أواخر ربيع الأول 401هـ (نوفمبر 1010م)، واستُؤصل خرابها في أيام المستكفي 414–416هـ (1024–1025م),صُحح وموثّق,دولة الإسلام في الأندلس,ج1 ص440 (بحسب ترقيم الشاملة للمطبوع)، الفصل الثاني: خلال الناصر ومآثره,ففي ربيع الأول سنة ٤٠١ هـ (نوفمبر سنة ١٠١٠ م) زحفت قوات البربر,يدعم,مطابق حرفيًا (فحص آلي بأداة verify_quote في وصلة الشاملة، 2026-09-23),يتبعها: «واقتحموا في طريقهم مدينة الزهراء» — يحدد 1010 لا 1009,https://shamela.ws/book/1009/432
ATT-030,AST-015,خراب مدينة الزهراء في الفتنة: دخلها البربر أواخر ربيع الأول 401هـ (نوفمبر 1010م)، واستُؤصل خرابها في أيام المستكفي 414–416هـ (1024–1025م),صُحح وموثّق,Discover Islamic Art (Museum With No Frontiers),Description,"The city lasted 74 years, after which it was systematically destroyed",يدعم جزئيًا,مطابق حرفيًا (فحص الصفحة الحية عبر WebFetch بنموذج مساعد، 2026-09-23 — يُعاد بالعين قبل النشر),936+74≈1010؛ لا سنة صريحة,https://islamicart.museumwnf.org/database_item.php?id=monument%3Bisl%3Bes%3Bmon01%3B2%3Ben
ATT-031,AST-016,891–961,صُحح وموثّق,دولة الإسلام في الأندلس,ج1 ص373 (بحسب ترقيم الشاملة للمطبوع),ولد عبد الرحمن قبيل مقتل أبيه بأسابيع قلائل في ٢٢ رمضان سنة ٢٧٧ هـ (ديسمبر سنة ٨٩٠ م),يدعم (بعد التصحيح),مطابق حرفيًا (فحص مباشر),الميلاد 890/891 لا 889 (٢٢ رمضان ٢٧٧هـ ≈ ٧ يناير ٨٩١م) | خالف القيمة السابقة؛ يدعم القيمة المصححة في v5.2.,https://shamela.ws/book/1009/365
ATT-032,AST-016,891–961,صُحح وموثّق,Encyclopaedia Britannica (مرجعي عام),رأس المقالة,"born January 891 ... died October 15, 961",يدعم (بعد التصحيح),مطابق حرفيًا (فحص الصفحة الحية عبر WebFetch بنموذج مساعد، 2026-09-23 — يُعاد بالعين قبل النشر),يخالف الميلاد 889، ويدعم الوفاة 961. الاقتباس ملخّص من أداة الجلب وليس نصًا حرفيًا كاملًا | خالف القيمة السابقة؛ يدعم القيمة المصححة في v5.2.,https://www.britannica.com/biography/Abd-al-Rahman-III
ATT-033,AST-017,عبد الرحمن | أبو المطرف | بن محمد بن عبد الله | الأموي | الناصر لدين الله,موثّق,Encyclopaedia Britannica (مرجعي عام),رأس المقالة,ʿAbd al-Raḥmān ibn Muḥammad ibn ʿAbd Allāh ibn Muḥammad ibn ʿAbd al-Raḥmān ibn al-Ḥakam al-Rabḍī ibn Hishām ibn ʿAbd al-Raḥmān al-Dākhil,يدعم جزئيًا,مطابق حرفيًا (فحص الصفحة الحية عبر WebFetch بنموذج مساعد، 2026-09-23 — يُعاد بالعين قبل النشر),يدعم النسب؛ لا يذكر الكنية أبو المطرف,https://www.britannica.com/biography/Abd-al-Rahman-III
ATT-034,AST-017,عبد الرحمن | أبو المطرف | بن محمد بن عبد الله | الأموي | الناصر لدين الله,موثّق,دولة الإسلام في الأندلس,ج1 ص401 (بحسب ترقيم الشاملة للمطبوع)، حاشية (١),كان عبد الرحمن قد اتخذ سمة الخلافة وتلقب بالناصر لدين الله,يدعم جزئيًا,مطابق حرفيًا (فحص آلي بأداة verify_quote في وصلة الشاملة، 2026-09-23) — الموضع في حاشية عنان نفسه,يدعم اللقب؛ الكنية غير موجودة في الصفحات المفحوصة,https://shamela.ws/book/1009/393
ATT-035,AST-018,915–976,موثّق,دولة الإسلام في الأندلس,ج1 ص483 (بحسب ترقيم الشاملة للمطبوع),مولده حسبما تقدم بقرطبة في ٢٤ من جمادى الأولى وقيل في غرة رجب سنة ٣٠٢ هـ (٩١٥ م),يدعم,مطابق حرفيًا (فحص آلي بأداة verify_quote في وصلة الشاملة، 2026-09-23),,https://shamela.ws/book/1009/474
ATT-036,AST-018,915–976,موثّق,دولة الإسلام في الأندلس,ج1 ص517 (بحسب ترقيم الشاملة للمطبوع),لما توفي الحكم المستنصر بالله، في اليوم الثاني من صفر سنة ٣٦٦ هـ,يدعم,مطابق حرفيًا (فحص آلي بأداة verify_quote في وصلة الشاملة، 2026-09-23),٣٦٦هـ = ٩٧٦م,https://shamela.ws/book/1009/508
ATT-037,AST-019,الحكم | أبو العاص | بن عبد الرحمن الناصر | الأموي | المستنصر بالله,موثّق,دولة الإسلام في الأندلس,ج1 ص482 (بحسب ترقيم الشاملة للمطبوع)، عنوان الفصل,الفصل الأول الحكم المستنصر بالله,يدعم جزئيًا,مطابق حرفيًا في الصفحة السابقة (ج1 ص482) لا في ص483 — صُحح الموضع (فحص آلي بأداة verify_quote في وصلة الشاملة، 2026-09-23),يدعم الاسم واللقب؛ الكنية أبو العاص غير واردة في الصفحة,https://shamela.ws/book/1009/473
ATT-038,AST-020,نحو 938–940 – 1002 (27 رمضان 392هـ),موثّق جزئيًا,دولة الإسلام في الأندلس,ج1 ص566 (بحسب ترقيم الشاملة للمطبوع)، الفصل الأول: الحاجب المنصور,وفي ليلة الإثنين ٢٧ رمضان سنة ٣٩٢، الموافق ١١ أغسطس سنة ١٠٠٢,يدعم,مطابق حرفيًا (فحص آلي بأداة verify_quote في وصلة الشاملة، 2026-09-23),يدعم الوفاة 1002,https://shamela.ws/book/1009/556
ATT-039,AST-020,نحو 938–940 – 1002 (27 رمضان 392هـ),موثّق جزئيًا,دولة الإسلام في الأندلس,ج1 ص566 (بحسب ترقيم الشاملة للمطبوع),إذ كان مولده في سنة ٣٢٨ هـ,يدعم (بعد التصحيح),مطابق حرفيًا (فحص آلي بأداة verify_quote في وصلة الشاملة، 2026-09-23),٣٢٨هـ = 939/940م لا 938 (٣٢٧هـ) | خالف القيمة السابقة؛ يدعم القيمة المصححة في v5.2.,https://shamela.ws/book/1009/556
ATT-040,AST-021,محمد | أبو عامر | بن عبد الله بن أبي عامر | المعافري | المنصور,موثّق,دولة الإسلام في الأندلس,ج1 ص521 (بحسب ترقيم الشاملة للمطبوع)، الفصل الثاني: هشام المؤيد بالله,محمد بن عبد الله بن محمد بن عبد الله بن أبي عامر المعافري,يدعم جزئيًا,مطابق حرفيًا (فحص آلي بأداة verify_quote في وصلة الشاملة، 2026-09-23),يدعم الاسم والنسب والنسبة؛ الكنية (أبو عامر) غير واردة هنا,https://shamela.ws/book/1009/512
ATT-041,AST-022,توفي بعد 400هـ (1009م)؛ السنة المحددة غير معروفة (نحو 1013م عند Britannica، و427هـ/1036م عند الزركلي),موثّق جزئيًا,Encyclopaedia Britannica (مرجعي عام),رأس المقالة,"Abū al-Qāsim al-Zahrāwī (born c. 936, near Córdoba [Spain]—died c. 1013)",يدعم,مطابق حرفيًا (فحص الصفحة الحية عبر WebFetch بنموذج مساعد، 2026-09-23 — يُعاد بالعين قبل النشر),,https://www.britannica.com/biography/Abu-al-Qasim
ATT-042,AST-023,خلف | أبو القاسم | بن عباس | الزهراوي | ,موثّق,Encyclopaedia Britannica (مرجعي عام),متن المقالة,Abū al-Qāsim Khalaf ibn ʿAbbās al-Zahrāwī,يدعم,مطابق حرفيًا (فحص الصفحة الحية عبر WebFetch بنموذج مساعد، 2026-09-23 — يُعاد بالعين قبل النشر),لم يُعثر على نص أولي (الصلة/الجذوة) قابل للفتح,https://www.britannica.com/biography/Abu-al-Qasim
ATT-043,AST-024,قرطبة = Córdoba؛ عاصمة الإمارة والخلافة,موثّق,UNESCO — Historic Centre of Cordoba,Brief Synthesis,It became the capital of the emirate depending on Damascus in the 8th century.,يدعم,مطابق حرفيًا (فحص الصفحة الحية عبر WebFetch بنموذج مساعد، 2026-09-23 — يُعاد بالعين قبل النشر),,https://whc.unesco.org/en/list/313
ATT-044,AST-024,قرطبة = Córdoba؛ عاصمة الإمارة والخلافة,موثّق,Metropolitan Museum — Heilbrunn Timeline of Art History,فقرة عبد الرحمن الأول,'Abd al-Rahman I made Córdoba his capital and unified al-Andalus,يدعم,مطابق حرفيًا مع حذف «(r. 756–88)» وتتمة «under his rule» (فحص الصفحة الحية عبر WebFetch بنموذج مساعد، 2026-09-23 — يُعاد بالعين قبل النشر),,https://www.metmuseum.org/essays/the-art-of-the-umayyad-period-in-spain-711-1031
ATT-045,AST-025,"مدينة الزهراء = Medina Azahara؛ موقع أثري غرب قرطبة (37.8859, -4.8677 بحسب UNESCO)",موثّق,UNESCO — Caliphate City of Medina Azahara,بيانات الموقع (Coordinates),N37 53 9.2 W4 52 3.7,يدعم,مطابق حرفيًا (فحص مباشر),"= 37.8859, -4.8677 تطابق الإحداثيات المقترحة",https://whc.unesco.org/en/list/1560
ATT-046,AST-025,"مدينة الزهراء = Medina Azahara؛ موقع أثري غرب قرطبة (37.8859, -4.8677 بحسب UNESCO)",موثّق,دولة الإسلام في الأندلس,ج1 ص437 (بحسب ترقيم الشاملة للمطبوع),في ساحة تقع شمال غربي قرطبة، على قيد خمسة أميال أو ستة منها,يدعم,مطابق حرفيًا (فحص آلي بأداة verify_quote في وصلة الشاملة، 2026-09-23),,https://shamela.ws/book/1009/429
ATT-047,AST-025,"مدينة الزهراء = Medina Azahara؛ موقع أثري غرب قرطبة (37.8859, -4.8677 بحسب UNESCO)",موثّق,دولة الإسلام في الأندلس,ج1 ص442 (بحسب ترقيم الشاملة للمطبوع),تقع هذه الأطلال الضخمة غربي قرطبة على بعد نحو سبعة أميال منها,يدعم,مطابق حرفيًا (فحص آلي بأداة verify_quote في وصلة الشاملة، 2026-09-23),تفاوت داخلي في المسافة (5–6 أو 7 أميال),https://shamela.ws/book/1009/434
ATT-048,AST-025,"مدينة الزهراء = Medina Azahara؛ موقع أثري غرب قرطبة (37.8859, -4.8677 بحسب UNESCO)",موثّق,Discover Islamic Art (Museum With No Frontiers),Address,"Ctra. de Palma del Río, km 8, Córdoba, Spain",يدعم جزئيًا,مطابق حرفيًا (فحص الصفحة الحية عبر WebFetch بنموذج مساعد، 2026-09-23 — يُعاد بالعين قبل النشر),,https://islamicart.museumwnf.org/database_item.php?id=monument%3Bisl%3Bes%3Bmon01%3B2%3Ben
ATT-049,AST-026,درهم عبد الرحمن الثالث 316هـ فضة (MAN),موثّق جزئيًا,The Coinage of al-Andalus,p. 74,"In the same year, the new caliph reopened the Cordoba mint, which coined gold coins (dinars)",يدعم جزئيًا,مطابق حرفيًا (فحص الصفحة الحية عبر WebFetch بنموذج مساعد، 2026-09-23 — يُعاد بالعين قبل النشر),يسند سياق ضرب الدراهم 316هـ لا القطعة ذاتها؛ صفحات MAN لم تُستخرج نصوصها,https://shedet.journals.ekb.eg/article_87829_4b1aefcbf0be7e09c877183df0d16b06.pdf
ATT-050,AST-026,درهم عبد الرحمن الثالث 316هـ فضة (MAN),موثّق جزئيًا,دولة الإسلام في الأندلس,ج1 ص447 (بحسب ترقيم الشاملة للمطبوع),أمر في سنة ٣١٦ هـ، باتخاذ دار السِّكة داخل مدينة قرطبة لضرب العين من الدنانير والدراهم,يدعم جزئيًا,مطابق حرفيًا (فحص آلي بأداة verify_quote في وصلة الشاملة، 2026-09-23),سياق فقط، لا القطعة,https://shamela.ws/book/1009/439
ATT-051,AST-027,إعلان عبد الرحمن الثالث الخلافة سنة 316هـ/929م,حُسم الخلاف,دولة الإسلام في الأندلس,ج1 ص429 (بحسب ترقيم الشاملة للمطبوع),ونفذ الأمر بذلك في يوم الجمعة مستهل ذي الحجة سنة ٣١٦ هـ,يدعم,مطابق حرفيًا (فحص آلي بأداة verify_quote في وصلة الشاملة، 2026-09-23),,https://shamela.ws/book/1009/421
ATT-052,AST-027,إعلان عبد الرحمن الثالث الخلافة سنة 316هـ/929م,حُسم الخلاف,The Coinage of al-Andalus,p. 74,"In the year 316/929 the eighth emir of al-Andalus, 'Abd al-Raḥmān III, was proclaimed caliph in Cordoba.",يدعم,مطابق حرفيًا (فحص الصفحة الحية عبر WebFetch بنموذج مساعد، 2026-09-23 — يُعاد بالعين قبل النشر),,https://shedet.journals.ekb.eg/article_87829_4b1aefcbf0be7e09c877183df0d16b06.pdf
ATT-053,AST-027,إعلان عبد الرحمن الثالث الخلافة سنة 316هـ/929م,حُسم الخلاف,دولة الإسلام في الأندلس,ج1 ص401 (بحسب ترقيم الشاملة للمطبوع)، حاشية (١),كان عبد الرحمن قد اتخذ سمة الخلافة وتلقب بالناصر لدين الله منذ سنة ٣١٧ هـ,يخالف,مطابق حرفيًا (فحص آلي بأداة verify_quote في وصلة الشاملة، 2026-09-23) — الموضع في حاشية عنان نفسه,تعارض داخلي عند عنان,https://shamela.ws/book/1009/393
ATT-054,AST-027,إعلان عبد الرحمن الثالث الخلافة سنة 316هـ/929م,حُسم الخلاف,Metropolitan Museum — Heilbrunn Timeline of Art History,فقرة عبد الرحمن الثالث,who became the first Spanish Umayyad amir to declare himself caliph (929),يدعم,مطابق حرفيًا (فحص الصفحة الحية عبر WebFetch بنموذج مساعد، 2026-09-23 — يُعاد بالعين قبل النشر),,https://www.metmuseum.org/essays/the-art-of-the-umayyad-period-in-spain-711-1031
ATT-055,AST-013,936 / محرم 325هـ (بدء البناء),موثّق,دولة الإسلام في الأندلس,ج1 ص437 (بحسب ترقيم الشاملة للمطبوع),وكان البدء في بنائها في فاتحة المحرم سنة خمس وعشرين وثلثمائة (نوفمبر سنة ٩٣٦ م),يدعم,مطابق حرفيًا (فحص آلي بأداة verify_quote في وصلة الشاملة، 2026-09-23),فتحه المحقق الرئيس مباشرة.,https://shamela.ws/book/1009/429
ATT-056,AST-013,936 / محرم 325هـ (بدء البناء),موثّق,UNESCO — Caliphate City of Medina Azahara,Description,built in the mid-10th century CE by the Umayyad dynasty as the seat of the Caliphate of Cordoba,يدعم جزئيًا,مطابق حرفيًا (فحص الصفحة الحية عبر WebFetch بنموذج مساعد، 2026-09-23 — يُعاد بالعين قبل النشر),يدعم منتصف القرن العاشر لا السنة بعينها.,https://whc.unesco.org/en/list/1560
ATT-057,AST-014,1009–1031 / 399–422هـ,موثّق جزئيًا,دولة الإسلام في الأندلس,ج1 ص642 (بحسب ترقيم الشاملة للمطبوع)، الكتاب الرابع، الفصل الأول,تربع محمد بن هشام الملقب بالمهدي على كرسي الخلافة، مكان الخليفة هشام المؤيد، في ١٧ جمادى الآخرة سنة ٣٩٩ هـ (١٦ فبراير سنة ١٠٠٩ م),يدعم جزئيًا,مطابق حرفيًا (فحص آلي بأداة verify_quote في وصلة الشاملة، 2026-09-23),الشاهد نفسه في ATT-009 يثبت أحد طرفي النطاق.,https://shamela.ws/book/1009/631
ATT-058,AST-014,1009–1031 / 399–422هـ,موثّق جزئيًا,دولة الإسلام في الأندلس,ج1 ص669 (بحسب ترقيم الشاملة للمطبوع)، الكتاب الرابع، الفصل الثاني: دولة بنى حمود,(ذو القعدة سنة ٤٢٢ هـ - نوفمبر سنة ١٠٣١ م),يدعم جزئيًا,مطابق حرفيًا (فحص آلي بأداة verify_quote في وصلة الشاملة، 2026-09-23),الشاهد نفسه في ATT-011 يثبت أحد طرفي النطاق.,https://shamela.ws/book/1009/658
ATT-201,AST-012,929–929 / 316هـ,حُسم الخلاف,ابن عذاري المراكشي (ت بعد 712هـ؛ تاريخ الشاملة 695)، البيان المغرب في أخبار الأندلس والمغرب — نسخة الشاملة 11782,ج2 ص198 (ضمن حوادث «سنة ٣١٦» المعنونة في ج2 ص196),وفي هذه السنة، رأى الناصر أن تكون الدعوة له في مخاطباته والمخاطبات له في جميع ما يجري ذكره فيه، بأمير المؤمنين,يدعم,مطابق حرفيًا (فحص مباشر عبر وصلة الشاملة، نص النسخة الرقمية),عنوان السنة في ج2 ص196: «وفي سنة ٣١٦، كان غزاة أمير المؤمنين الناصر إلى مدينة ببشتر»؛ وفي ص198 أنه عهد إلى القاضي أحمد بن بقي «بأن تكون الخطبة يوم الجمعة مستهل ذي الحجة بذلك» (مستهل ذي الحجة 316هـ ≈ 15 يناير 929م بالتحويل الجدولي).,https://shamela.ws/book/11782/506
ATT-202,AST-012,929–929 / 316هـ,حُسم الخلاف,الحميدي (ت 488هـ)، جذوة المقتبس في ذكر ولاة الأندلس — نسخة الشاملة 5742,ص13، ولاية عبد الرحمن الناصر,وجرى على ذلك عبد الرحمن بن محمد إلى آخر السنة السابعة عشر من ولايته، فلما بلغه ضعف الخلافة بالعراق في أيام المقتدر، وظهور الشيعة بالقيروان، تسمى عبد الرحمن بأمير المؤمنين، وتلقب بالناصر لدين الله,يدعم جزئيًا,مطابق حرفيًا (فحص مباشر عبر وصلة الشاملة، نص النسخة الرقمية),تأريخ نسبي بسنوات الولاية لا بسنة هجرية صريحة؛ يتسق مع أواخر 316هـ ولا يحسم وحده.,https://shamela.ws/book/5742/13
ATT-203,AST-027,إعلان عبد الرحمن الثالث الخلافة سنة 316هـ/929م,حُسم الخلاف,ابن عذاري المراكشي (ت بعد 712هـ؛ تاريخ الشاملة 695)، البيان المغرب في أخبار الأندلس والمغرب — نسخة الشاملة 11782,ج2 ص198 (ضمن حوادث سنة 316),وقد رأينا أن تكون الدعوة لنا بأمير المؤمنين، وخروج الكتب عنا وورودها علينا بذلك,يدعم,مطابق حرفيًا (فحص مباشر عبر وصلة الشاملة، نص النسخة الرقمية),من نص الرسالة التي أنفذها الناصر إلى العمال، كما أوردها ابن عذاري.,https://shamela.ws/book/11782/506
ATT-204,AST-017,عبد الرحمن | أبو المطرف | بن محمد بن عبد الله | الأموي | الناصر لدين الله,موثّق,الحميدي (ت 488هـ)، جذوة المقتبس في ذكر ولاة الأندلس — نسخة الشاملة 5742,ص13، ولاية عبد الرحمن الناصر,وتلقب بالناصر لدين الله، وكان يكنى أبا المطرف,يدعم,مطابق حرفيًا (فحص مباشر عبر وصلة الشاملة، نص النسخة الرقمية),,https://shamela.ws/book/5742/13
ATT-205,AST-019,الحكم | أبو العاص | بن عبد الرحمن الناصر | الأموي | المستنصر بالله,موثّق,الحميدي (ت 488هـ)، جذوة المقتبس في ذكر ولاة الأندلس — نسخة الشاملة 5742,ص13، ولاية الحكم المستنصر,ثم ولى بعده ابنه الحكم بن عبد الرحمن، ويلقب بالمستنصر بالله، وله إذ ولى سبع وأربعون سنة، يكنى أبا العاص,يدعم,مطابق حرفيًا (فحص مباشر عبر وصلة الشاملة، نص النسخة الرقمية),,https://shamela.ws/book/5742/13
ATT-206,AST-021,محمد | أبو عامر | بن عبد الله بن أبي عامر | المعافري | المنصور,موثّق,الحميدي (ت 488هـ)، جذوة المقتبس في ذكر ولاة الأندلس — نسخة الشاملة 5742,ص78، ترجمة محمد بن أبي عامر,محمد بن أبي عامر أبو عامر، أمير الأندلس في دولة هشام المؤيد,يدعم,مطابق حرفيًا (فحص مباشر عبر وصلة الشاملة، نص النسخة الرقمية),وفي الصفحة نفسها: «وحجب هشاماً المؤيد، وتلقب بالمنصور»؛ وفي ص79 عن ابن حزم: «معافري النسب من حمير».,https://shamela.ws/book/5742/78
ATT-207,AST-023,خلف | أبو القاسم | بن عباس | الزهراوي | ,موثّق,ابن بشكوال (ت 578هـ)، الصلة في تاريخ أئمة الأندلس — نسخة الشاملة 22788 (قد تختلف عن طبعة بشار عواد المفهرسة),ص162، حرف الخاء، من اسمه خلف,خلف بن عباس الزهراوي، يكنى: أبا القاسم,يدعم,مطابق حرفيًا (فحص مباشر عبر وصلة الشاملة، نص النسخة الرقمية),ينقل ابن بشكوال وصفه عن الحميدي وثناءه عن ابن حزم.,https://shamela.ws/book/22788/151
ATT-208,AST-022,توفي بعد 400هـ (1009م)؛ السنة المحددة غير معروفة (نحو 1013م عند Britannica، و427هـ/1036م عند الزركلي),موثّق جزئيًا,ابن بشكوال (ت 578هـ)، الصلة في تاريخ أئمة الأندلس — نسخة الشاملة 22788 (قد تختلف عن طبعة بشار عواد المفهرسة),ص162، حرف الخاء، من اسمه خلف,مات بالأندلس بعد الأربع مئة,يدعم جزئيًا,مطابق حرفيًا (فحص مباشر عبر وصلة الشاملة، نص النسخة الرقمية),يحدّ الوفاة بما بعد 400هـ (بعد أغسطس 1009م) دون سنة بعينها؛ الميلاد غير مذكور. سنة 1013 تبقى من Britannica وحدها.,https://shamela.ws/book/22788/151
ATT-209,AST-G13,محمد بن يوسف بن نصر؛ أبو عبد الله؛ الغالب بالله؛ ابن الأحمر,موثّق,لسان الدين ابن الخطيب (ت 776هـ)، الإحاطة في أخبار غرناطة — نسخة الشاملة 11682,ج1 ص41,ثم لم ينشب أن تملّكها أمير المسلمين الغالب بالله محمد بن يوسف بن نصر الخزرجي,يدعم,مطابق حرفيًا (فحص مباشر عبر وصلة الشاملة، نص النسخة الرقمية),والكنية في ج1 ص200: «أمير المسلمين أبي عبد الله الغالب بالله».,https://shamela.ws/book/11682/74
ATT-210,AST-G15,1339 (22 جمادى الآخرة 739هـ) – 1391 (793هـ),صُحح وموثّق,لسان الدين ابن الخطيب (ت 776هـ)، الإحاطة في أخبار غرناطة — نسخة الشاملة 11682,ج2 ص50، ترجمة محمد بن يوسف بن إسماعيل (محمد الخامس)، «مولده السعيد النشيئة»,في نحو ثلث ليلة الاثنين والعشرين من جمادى الآخرة عام تسعة وثلاثين وسبعمائة. قلت: ووافقه من التاريخ الأعجمي رابع ينير من عام ألف وثلاثمائة وسبعة وسبعين,يدعم,مطابق حرفيًا (فحص مباشر عبر وصلة الشاملة، نص النسخة الرقمية),22 جمادى الآخرة 739هـ = 4/5 يناير 1339م (الجدولي يعطي 5 يناير؛ والنص يذكر 4 يناير بتقويم الصفر = 1377−38 = 1339م). القيمة السابقة 1338 خطأ. (يصحح القيمة السابقة 1338),https://shamela.ws/book/11682/421
ATT-211,AST-G16,1313 (25 رجب 713هـ) – 1374/1375 (776هـ),موثّق,لسان الدين ابن الخطيب (ت 776هـ)، الإحاطة في أخبار غرناطة — نسخة الشاملة 11682,ج4 ص548، آخر ترجمة ابن الخطيب لنفسه,مولدي: في الخامس والعشرين لرجب عام ثلاثة عشر وسبعمائة,يدعم,مطابق حرفيًا (فحص مباشر عبر وصلة الشاملة، نص النسخة الرقمية),25 رجب 713هـ ≈ 15 نوفمبر 1313م بالتحويل الجدولي.,https://shamela.ws/book/11682/1794
ATT-212,AST-G17,1333 (14 شوال 733هـ) – بعد 795هـ (أواخر 1393م أو بعدها),موثّق جزئيًا,المقري التلمساني (ت 1041هـ)، نفح الطيب من غصن الأندلس الرطيب، تحقيق إحسان عباس — نسخة الشاملة 1002,ج7 ص160، باب تلامذة لسان الدين، ترجمة ابن زمرك,مولده رابع عشر شوال من عام ثلاثة وثلاثين وسبعمائة,يدعم,مطابق حرفيًا لنص المقري؛ والمقري ينقله عن الإحاطة (نقل بواسطة),14 شوال 733هـ ≈ 28 يونيو 1333م. النص قول ابن الخطيب في الإحاطة كما نقله المقري.,https://shamela.ws/book/1002/3845
ATT-213,AST-G17,1333 (14 شوال 733هـ) – بعد 795هـ (أواخر 1393م أو بعدها),موثّق جزئيًا,المقري التلمساني (ت 1041هـ)، نفح الطيب من غصن الأندلس الرطيب، تحقيق إحسان عباس — نسخة الشاملة 1002,ج7 ص170، ترجمة ابن زمرك,وقد فهم من مضمون ما سبق أن قتل ابن زمرك بعد عام خمسة وتسعين وسبعمائة، ولم أقف من أمره على غير ما تقدم.,يدعم جزئيًا,مطابق حرفيًا (فحص مباشر عبر وصلة الشاملة، نص النسخة الرقمية),المقري لا يعرف سنة القتل؛ يحدها بما بعد 795هـ (795هـ = 17 نوفمبر 1392 – 5 نوفمبر 1393م). سنة 1393 إذن حدّ أدنى لا تاريخ وفاة، وسنة 797هـ/1395 عند عنان تحتاج مصدرها.,https://shamela.ws/book/1002/3855
ATT-214,AST-G17,1333 (14 شوال 733هـ) – بعد 795هـ (أواخر 1393م أو بعدها),موثّق جزئيًا,Patronato de la Alhambra y Generalife,"صفحة «Ibn Zamrak, un poeta en la Alhambra»",Ibn Zamrak (1333-1394),يخالف,مطابق حرفيًا (فحص الصفحة الحية عبر WebFetch بنموذج مساعد، 2026-09-23 — يُعاد بالعين قبل النشر),موقع الباترونato نفسه غير متسق: 1393 في صفحة «Yesería Arrayanes» و1394 هنا؛ وعنان 1395؛ والمصدر الأولي (المقري) «بعد 795هـ» فقط.,https://www.alhambra-patronato.es/ibn-zamrak-un-poeta-en-la-alhambra
ATT-215,AST-011,756–756 / 138هـ,موثّق,الحميدي (ت 488هـ)، جذوة المقتبس في ذكر ولاة الأندلس — نسخة الشاملة 5742,ص9,واستولى عبد الرحمن على قرطبة يوم الأضحى من العام المذكور,يدعم,مطابق حرفيًا (فحص آلي بأداة verify_quote في وصلة الشاملة، 2026-09-23),العام المذكور = 138هـ؛ يوم الأضحى 10 ذي الحجة 138هـ ≈ 15 مايو 756م (جدولي).,https://shamela.ws/book/5742/9
ATT-216,AST-001,756,موثّق,الحميدي (ت 488هـ)، جذوة المقتبس في ذكر ولاة الأندلس — نسخة الشاملة 5742,ص9,واستولى عبد الرحمن على قرطبة يوم الأضحى من العام المذكور,يدعم,مطابق حرفيًا (فحص آلي بأداة verify_quote في وصلة الشاملة، 2026-09-23),العام المذكور = 138هـ؛ يوم الأضحى 10 ذي الحجة 138هـ ≈ 15 مايو 756م (جدولي).,https://shamela.ws/book/5742/9
ATT-217,AST-007,756–788 (أمير),حُسم الخلاف,الحميدي (ت 488هـ)، جذوة المقتبس في ذكر ولاة الأندلس — نسخة الشاملة 5742,ص9,فاتصلت ولايته إلى أن مات سنة اثنتين وسبعين ومائة,يدعم,مطابق حرفيًا (فحص آلي بأداة verify_quote في وصلة الشاملة، 2026-09-23),172هـ = 788/789م.,https://shamela.ws/book/5742/9
ATT-218,AST-008,912–929 (أمير),موثّق,الحميدي (ت 488هـ)، جذوة المقتبس في ذكر ولاة الأندلس — نسخة الشاملة 5742,ص12، ولاية عبد الله بن محمد,فلم يزل كذلك طول ولايته إلى أن مات مستهل ربيع الأول سنة ثلاث مائة,يدعم,مطابق حرفيًا (فحص آلي بأداة verify_quote في وصلة الشاملة، 2026-09-23),وفاة الأمير عبد الله وولاية حفيده عبد الرحمن: مستهل ربيع الأول 300هـ ≈ 16 أكتوبر 912م.,https://shamela.ws/book/5742/12
ATT-219,AST-016,891–961,صُحح وموثّق,الحميدي (ت 488هـ)، جذوة المقتبس في ذكر ولاة الأندلس — نسخة الشاملة 5742,ص12، ولاية عبد الرحمن الناصر,فولى الأمر وله اثنتان وعشرون سنة,يدعم جزئيًا,مطابق حرفيًا (فحص آلي بأداة verify_quote في وصلة الشاملة، 2026-09-23),سنّه عند الولاية سنة 300هـ تجعل مولده نحو 277/278هـ (890/891م)؛ تأريخ تقريبي بالسن.,https://shamela.ws/book/5742/12
ATT-220,AST-009,929–961 (خليفة),موثّق,الحميدي (ت 488هـ)، جذوة المقتبس في ذكر ولاة الأندلس — نسخة الشاملة 5742,ص13,ثم اتصلت ولايته إلى أن مات في صدر رمضان سنة خمسين وثلاث مائة,يدعم,مطابق حرفيًا (فحص آلي بأداة verify_quote في وصلة الشاملة، 2026-09-23),صدر رمضان 350هـ ≈ منتصف أكتوبر 961م.,https://shamela.ws/book/5742/13
ATT-221,AST-016,891–961,صُحح وموثّق,الحميدي (ت 488هـ)، جذوة المقتبس في ذكر ولاة الأندلس — نسخة الشاملة 5742,ص13,ثم اتصلت ولايته إلى أن مات في صدر رمضان سنة خمسين وثلاث مائة,يدعم,مطابق حرفيًا (فحص آلي بأداة verify_quote في وصلة الشاملة، 2026-09-23),صدر رمضان 350هـ ≈ منتصف أكتوبر 961م.,https://shamela.ws/book/5742/13
ATT-222,AST-018,915–976,موثّق,الحميدي (ت 488هـ)، جذوة المقتبس في ذكر ولاة الأندلس — نسخة الشاملة 5742,ص13، ولاية الحكم المستنصر,وله إذ ولى سبع وأربعون سنة,يدعم جزئيًا,مطابق حرفيًا (فحص آلي بأداة verify_quote في وصلة الشاملة، 2026-09-23),سنّه عند الولاية (350هـ) تجعل مولده نحو 302/303هـ (915م)؛ تأريخ تقريبي بالسن.,https://shamela.ws/book/5742/13
ATT-223,AST-010,961–976 (خليفة),موثّق,الحميدي (ت 488هـ)، جذوة المقتبس في ذكر ولاة الأندلس — نسخة الشاملة 5742,ص16,فاتصلت ولايته إلى أن مات في صفر سنة ست وستين وثلاث مائة,يدعم,مطابق حرفيًا (فحص آلي بأداة verify_quote في وصلة الشاملة، 2026-09-23),صفر 366هـ ≈ أكتوبر 976م.,https://shamela.ws/book/5742/16
ATT-224,AST-018,915–976,موثّق,الحميدي (ت 488هـ)، جذوة المقتبس في ذكر ولاة الأندلس — نسخة الشاملة 5742,ص16,فاتصلت ولايته إلى أن مات في صفر سنة ست وستين وثلاث مائة,يدعم,مطابق حرفيًا (فحص آلي بأداة verify_quote في وصلة الشاملة، 2026-09-23),صفر 366هـ ≈ أكتوبر 976م.,https://shamela.ws/book/5742/16
ATT-225,AST-005,1009,موثّق,الحميدي (ت 488هـ)، جذوة المقتبس في ذكر ولاة الأندلس — نسخة الشاملة 5742,ص17، ولاية هشام المؤيد,إلى أن قام عليه محمد بن هشام بن عبد الجبار يوم الثلاثاء لثمان عشرة ليلة خلت من جمادى الآخرة سنة تسع وتسعين وثلثمائة,يدعم,مطابق حرفيًا (فحص آلي بأداة verify_quote في وصلة الشاملة، 2026-09-23),18 جمادى الآخرة 399هـ ≈ 17 فبراير 1009م (جدولي؛ وعنان 16 فبراير).,https://shamela.ws/book/5742/17
ATT-226,AST-014,1009–1031 / 399–422هـ,موثّق جزئيًا,الحميدي (ت 488هـ)، جذوة المقتبس في ذكر ولاة الأندلس — نسخة الشاملة 5742,ص17، ولاية هشام المؤيد,إلى أن قام عليه محمد بن هشام بن عبد الجبار يوم الثلاثاء لثمان عشرة ليلة خلت من جمادى الآخرة سنة تسع وتسعين وثلثمائة,يدعم جزئيًا,مطابق حرفيًا (فحص آلي بأداة verify_quote في وصلة الشاملة، 2026-09-23),18 جمادى الآخرة 399هـ ≈ 17 فبراير 1009م (جدولي؛ وعنان 16 فبراير).,https://shamela.ws/book/5742/17
ATT-227,AST-006,1031,موثّق,الحميدي (ت 488هـ)، جذوة المقتبس في ذكر ولاة الأندلس — نسخة الشاملة 5742,ص28، ولاية هشام بن محمد المعتد,ولم يبق إلا يسيراً حتى قامت عليه فرقة من الجند، فخلع، وجرت أمور يكثر شرحها، وانقطعت الذعوة الأموية من يومئذ فيها,يدعم جزئيًا,مطابق حرفيًا (فحص آلي بأداة verify_quote في وصلة الشاملة، 2026-09-23),بعد دخوله قرطبة 8 ذي الحجة 420هـ؛ الحميدي لا يذكر سنة الخلع (422هـ/1031م عند غيره). «الذعوة» تصحيف «الدعوة» في النسخة الرقمية.,https://shamela.ws/book/5742/28
ATT-228,AST-004,1009–1031,موثّق جزئيًا,الحميدي (ت 488هـ)، جذوة المقتبس في ذكر ولاة الأندلس — نسخة الشاملة 5742,ص28، ولاية هشام بن محمد المعتد,ولم يبق إلا يسيراً حتى قامت عليه فرقة من الجند، فخلع، وجرت أمور يكثر شرحها، وانقطعت الذعوة الأموية من يومئذ فيها,يدعم جزئيًا,مطابق حرفيًا (فحص آلي بأداة verify_quote في وصلة الشاملة، 2026-09-23),بعد دخوله قرطبة 8 ذي الحجة 420هـ؛ الحميدي لا يذكر سنة الخلع (422هـ/1031م عند غيره). «الذعوة» تصحيف «الدعوة» في النسخة الرقمية.,https://shamela.ws/book/5742/28
ATT-229,AST-013,936 / محرم 325هـ (بدء البناء),موثّق,المقري التلمساني (ت 1041هـ)، نفح الطيب من غصن الأندلس الرطيب، تحقيق إحسان عباس — نسخة الشاملة 1002,ج1 ص567,بدأ عبد الرحمن الناصر لدين الله بنيان الزهراء أول سنة خمس وعشرين وثلاثمائة,يدعم,مطابق حرفيًا بعد حذف رقم الحاشية (٤) (فحص آلي بأداة verify_quote، 2026-09-23),نقل بواسطة: ابن حيان عن خط ابن دحون عن مسلمة بن عبد الله العريف المهندس. أول 325هـ ≈ نوفمبر 936م.,https://shamela.ws/book/1002/586
ATT-230,AST-020,نحو 938–940 – 1002 (27 رمضان 392هـ),موثّق جزئيًا,ابن عذاري المراكشي (ت بعد 712هـ؛ تاريخ الشاملة 695)، البيان المغرب في أخبار الأندلس والمغرب — نسخة الشاملة 11782,ج2 ص301,وفي سنة ٣٩٢، توفى المنصور ابن أبي عامر ﵀ ليلة الاثنين لثلاث بقين لرمضان المعظم، وهو ابن خمس وستين سنة وعشرة أشهر,يدعم جزئيًا,مطابق حرفيًا (فحص آلي بأداة verify_quote في وصلة الشاملة، 2026-09-23),27 رمضان 392هـ ≈ 9 أغسطس 1002م. والسنّ (65 سنة و10 أشهر قمرية) تجعل مولده نحو ذي القعدة 326هـ (938م)، لا 328هـ كما عند عنان.,https://shamela.ws/book/11782/609
ATT-231,AST-020,نحو 938–940 – 1002 (27 رمضان 392هـ),موثّق جزئيًا,الحميدي (ت 488هـ)، جذوة المقتبس في ذكر ولاة الأندلس — نسخة الشاملة 5742,ص79، ترجمة محمد بن أبي عامر,وتوفي في طريق الغزو في أقصى الثغور بمدينة سالم سنة ثلاث وتسعين وثلاث مائة,يخالف,مطابق حرفيًا (فحص آلي بأداة verify_quote في وصلة الشاملة، 2026-09-23),رواية مخالفة: 393هـ عند الحميدي، و392هـ عند ابن عذاري (بيوم وشهر) وعنان. الترجيح لـ392 لتفصيل ابن عذاري.,https://shamela.ws/book/5742/79
ATT-232,AST-G01,1232–1238 (إعلان ابن الأحمر 1232 / دخول غرناطة 1238),موثّق,لسان الدين ابن الخطيب (ت 776هـ)، الإحاطة في أخبار غرناطة — نسخة الشاملة 11682,ج2 ص56، نقش قبر محمد الأول كما أورده ابن الخطيب,وبويع له يوم الجمعة السادس والعشرين من رمضان عام خمسة وثلاثين وستمائة,يدعم جزئيًا,مطابق حرفيًا (فحص آلي بأداة verify_quote في وصلة الشاملة، 2026-09-23),26 رمضان 635هـ ≈ 12 مايو 1238م (عنان: أبريل 1238).,https://shamela.ws/book/11682/427
ATT-233,AST-G19,1238 / 635هـ,موثّق,لسان الدين ابن الخطيب (ت 776هـ)، الإحاطة في أخبار غرناطة — نسخة الشاملة 11682,ج2 ص56، نقش قبر محمد الأول كما أورده ابن الخطيب,وبويع له يوم الجمعة السادس والعشرين من رمضان عام خمسة وثلاثين وستمائة,يدعم,مطابق حرفيًا (فحص آلي بأداة verify_quote في وصلة الشاملة، 2026-09-23),26 رمضان 635هـ ≈ 12 مايو 1238م (عنان: أبريل 1238).,https://shamela.ws/book/11682/427
ATT-234,AST-G03,1232–1273,موثّق جزئيًا,لسان الدين ابن الخطيب (ت 776هـ)، الإحاطة في أخبار غرناطة — نسخة الشاملة 11682,ج2 ص56، نقش قبر محمد الأول,وكانت وفاته يوم الجمعة بعد صلاة العصر التاسع والعشرين لجمادى الآخرة عام أحد وسبعين وستمائة,يدعم,مطابق حرفيًا (فحص آلي بأداة verify_quote في وصلة الشاملة، 2026-09-23),29 جمادى الآخرة 671هـ ≈ 21 يناير 1273م؛ فقول عنان «ديسمبر 1272» سهو في التحويل.,https://shamela.ws/book/11682/427
ATT-235,AST-G04,1273–1302,موثّق,لسان الدين ابن الخطيب (ت 776هـ)، الإحاطة في أخبار غرناطة — نسخة الشاملة 11682,ج1 ص41,ثم ولي الأمر بعده ولده وسميّه محمد بن محمد، فقام بها أحمد قيام، وتوفي عام أحد وسبعمائة.,يدعم,مطابق حرفيًا (فحص آلي بأداة verify_quote في وصلة الشاملة، 2026-09-23),701هـ = سبتمبر 1301 – أغسطس 1302م.,https://shamela.ws/book/11682/74
ATT-236,AST-G05,1333–1354,موثّق,لسان الدين ابن الخطيب (ت 776هـ)، الإحاطة في أخبار غرناطة — نسخة الشاملة 11682,ج4 ص292، نقش قبر يوسف الأول (من إملاء ابن الخطيب),وكانت ولايته الملك في غرة اليوم الرابع عشر لذي الحجة من عام ثلاثة وثلاثين وسبعمائة,يدعم,مطابق حرفيًا (فحص آلي بأداة verify_quote في وصلة الشاملة، 2026-09-23),14 ذي الحجة 733هـ ≈ 26 أغسطس 1333م.,https://shamela.ws/book/11682/1539
ATT-237,AST-G05,1333–1354,موثّق,لسان الدين ابن الخطيب (ت 776هـ)، الإحاطة في أخبار غرناطة — نسخة الشاملة 11682,ج4 ص292,وذلك في السجدة الأخيرة من صلاة العيد، غرة شوال، من عام خمسة وخمسين وسبعمائة,يدعم,مطابق حرفيًا (فحص آلي بأداة verify_quote في وصلة الشاملة، 2026-09-23),1 شوال 755هـ ≈ 19 أكتوبر 1354م.,https://shamela.ws/book/11682/1539
ATT-238,AST-G14,1318 (28 ربيع الآخر 718هـ) – 1354 (1 شوال 755هـ),صُحح وموثّق,لسان الدين ابن الخطيب (ت 776هـ)، الإحاطة في أخبار غرناطة — نسخة الشاملة 11682,ج4 ص292,ومولده في الثامن والعشرين لربيع الآخر عام ثمانية عشر وسبعمائة,يدعم,مطابق حرفيًا (فحص آلي بأداة verify_quote في وصلة الشاملة، 2026-09-23),28 ربيع الآخر 718هـ ≈ 29 يونيو 1318م.,https://shamela.ws/book/11682/1539
ATT-239,AST-G14,1318 (28 ربيع الآخر 718هـ) – 1354 (1 شوال 755هـ),صُحح وموثّق,لسان الدين ابن الخطيب (ت 776هـ)، الإحاطة في أخبار غرناطة — نسخة الشاملة 11682,ج4 ص292,وذلك في السجدة الأخيرة من صلاة العيد، غرة شوال، من عام خمسة وخمسين وسبعمائة,يدعم,مطابق حرفيًا (فحص آلي بأداة verify_quote في وصلة الشاملة، 2026-09-23),1 شوال 755هـ ≈ 19 أكتوبر 1354م.,https://shamela.ws/book/11682/1539
ATT-240,AST-G06,1354–1359,موثّق,لسان الدين ابن الخطيب (ت 776هـ)، الإحاطة في أخبار غرناطة — نسخة الشاملة 11682,ج2 ص4، ترجمة محمد الخامس,ساق الله إليه الملك طواعية واختيارا، إثر صلاة عيد الفطر على بغتة وفاة المقدّس أبيه، من عام خمسة وخمسين وسبعمائة,يدعم جزئيًا,مطابق حرفيًا (فحص آلي بأداة verify_quote في وصلة الشاملة، 2026-09-23),بداية الولاية الأولى: 1 شوال 755هـ (أكتوبر 1354م). نهايتها 28 رمضان 760هـ في أعمال الأعلام ص306 (ATT-262).,https://shamela.ws/book/11682/375
ATT-241,AST-G07,1362–1391,حُسم الخلاف,لسان الدين ابن الخطيب (ت 776هـ)، الإحاطة في أخبار غرناطة — نسخة الشاملة 11682,ج2 ص13، «الحادثة التي جرت عليه»,وكان دخول السلطان دار ملكه، وعوده إلى أريكة سلطانه، وحلوله بمجلس أبيه وجدّه، زوال يوم السبت الموفي عشرين لجمادى الثانية من عام ثلاثة وستين وسبعمائة,يدعم جزئيًا,مطابق حرفيًا (فحص آلي بأداة verify_quote في وصلة الشاملة، 2026-09-23),20 جمادى الآخرة 763هـ ≈ 16 أبريل 1362م.,https://shamela.ws/book/11682/384
ATT-242,AST-G22,1362–1391 (محمد الخامس),موثّق,لسان الدين ابن الخطيب (ت 776هـ)، الإحاطة في أخبار غرناطة — نسخة الشاملة 11682,ج2 ص13، «الحادثة التي جرت عليه»,وكان دخول السلطان دار ملكه، وعوده إلى أريكة سلطانه، وحلوله بمجلس أبيه وجدّه، زوال يوم السبت الموفي عشرين لجمادى الثانية من عام ثلاثة وستين وسبعمائة,يدعم جزئيًا,مطابق حرفيًا (فحص آلي بأداة verify_quote في وصلة الشاملة، 2026-09-23),20 جمادى الآخرة 763هـ ≈ 16 أبريل 1362م.,https://shamela.ws/book/11682/384
ATT-243,AST-G11,1482–1483,موثّق,المقري التلمساني (ت 1041هـ)، نفح الطيب من غصن الأندلس الرطيب، تحقيق إحسان عباس — نسخة الشاملة 1002,ج4 ص514 (حوادث سنة 887هـ المعنونة في ص512),وفي هذا اليوم بعينه هرب الأميران أبو عبد الله محمد وأبو الحجاج يوسف خوفاً من أبيهما أن يفتك بهما بإشارة حظيته الرومية ثريا، واستقرا بوادي آش، وقامت بدعوتهما، ثم بايعتهما تلك المرية وبسطة وغرناطة، وهرب أبوهما السلطان أبو الحسن إلى مالقة.,يدعم,مطابق حرفيًا (فحص آلي بأداة verify_quote في وصلة الشاملة، 2026-09-23),اليوم = 27 جمادى الأولى 887هـ ≈ 14 يوليو 1482م.,https://shamela.ws/book/1002/2536
ATT-244,AST-G08,868هـ (1463/1464) – 1482,حُسم الخلاف,المقري التلمساني (ت 1041هـ)، نفح الطيب من غصن الأندلس الرطيب، تحقيق إحسان عباس — نسخة الشاملة 1002,ج4 ص514 (حوادث سنة 887هـ المعنونة في ص512),وفي هذا اليوم بعينه هرب الأميران أبو عبد الله محمد وأبو الحجاج يوسف خوفاً من أبيهما أن يفتك بهما بإشارة حظيته الرومية ثريا، واستقرا بوادي آش، وقامت بدعوتهما، ثم بايعتهما تلك المرية وبسطة وغرناطة، وهرب أبوهما السلطان أبو الحسن إلى مالقة.,يدعم جزئيًا,مطابق حرفيًا (فحص آلي بأداة verify_quote في وصلة الشاملة، 2026-09-23),اليوم = 27 جمادى الأولى 887هـ ≈ 14 يوليو 1482م.,https://shamela.ws/book/1002/2536
ATT-245,AST-G11,1482–1483,موثّق,المقري التلمساني (ت 1041هـ)، نفح الطيب من غصن الأندلس الرطيب، تحقيق إحسان عباس — نسخة الشاملة 1002,ج4 ص515,وكان في جملة من أسر السلطان أبو عبد الله، ولم يعرف,يدعم,مطابق حرفيًا (فحص آلي بأداة verify_quote في وصلة الشاملة، 2026-09-23),في ربيع الأول 888هـ (أبريل 1483م) بحسب سياق الصفحة.,https://shamela.ws/book/1002/2537
ATT-246,AST-G09,1483–1485,موثّق,المقري التلمساني (ت 1041هـ)، نفح الطيب من غصن الأندلس الرطيب، تحقيق إحسان عباس — نسخة الشاملة 1002,ج4 ص515,ولما تعذر أمره قدم أخاه أبا عبد الله، وخلع له نفسه، ونزل بالمنكب، فأقام بها إلى أن مات، واستقل أخوه أبو عبد الله المعروف بالزغل بالملك بعده.,يدعم جزئيًا,مطابق حرفيًا (فحص آلي بأداة verify_quote في وصلة الشاملة، 2026-09-23),التسلسل: عودة أبي الحسن ثم نزوله للزغل؛ بلا سنة صريحة (890هـ/1485م عند عنان).,https://shamela.ws/book/1002/2537
ATT-247,AST-G10,1485–1487,موثّق,المقري التلمساني (ت 1041هـ)، نفح الطيب من غصن الأندلس الرطيب، تحقيق إحسان عباس — نسخة الشاملة 1002,ج4 ص515,ولما تعذر أمره قدم أخاه أبا عبد الله، وخلع له نفسه، ونزل بالمنكب، فأقام بها إلى أن مات، واستقل أخوه أبو عبد الله المعروف بالزغل بالملك بعده.,يدعم جزئيًا,مطابق حرفيًا (فحص آلي بأداة verify_quote في وصلة الشاملة، 2026-09-23),التسلسل: عودة أبي الحسن ثم نزوله للزغل؛ بلا سنة صريحة (890هـ/1485م عند عنان).,https://shamela.ws/book/1002/2537
ATT-248,AST-G10,1485–1487,موثّق,المقري التلمساني (ت 1041هـ)، نفح الطيب من غصن الأندلس الرطيب، تحقيق إحسان عباس — نسخة الشاملة 1002,ج4 ص519 (حوادث 892هـ),وحين حركتهم بالحملة بلغ السلطان الزغل أن غرناطة بايعت صاحب البيازين,يدعم جزئيًا,مطابق حرفيًا (فحص آلي بأداة verify_quote في وصلة الشاملة، 2026-09-23),نهاية حكم الزغل في غرناطة ربيع 892هـ/1487م.,https://shamela.ws/book/1002/2541
ATT-249,AST-G12,1487–1492,موثّق,المقري التلمساني (ت 1041هـ)، نفح الطيب من غصن الأندلس الرطيب، تحقيق إحسان عباس — نسخة الشاملة 1002,ج4 ص520,وكانت ثورة غرناطة، خامس جمادى الأولى.,يدعم,مطابق حرفيًا (فحص آلي بأداة verify_quote في وصلة الشاملة، 2026-09-23),5 جمادى الأولى 892هـ ≈ 29 أبريل 1487م (عنان: 28 أبريل).,https://shamela.ws/book/1002/2542
ATT-250,AST-G12,1487–1492,موثّق,المقري التلمساني (ت 1041هـ)، نفح الطيب من غصن الأندلس الرطيب، تحقيق إحسان عباس — نسخة الشاملة 1002,ج4 ص525,ونزل سلطان غرناطة من الحمراء.,يدعم,مطابق حرفيًا (فحص آلي بأداة verify_quote في وصلة الشاملة، 2026-09-23),نهاية حكم أبي عبد الله (897هـ/1492م).,https://shamela.ws/book/1002/2547
ATT-251,AST-G23,1487 / 892هـ,موثّق,المقري التلمساني (ت 1041هـ)، نفح الطيب من غصن الأندلس الرطيب، تحقيق إحسان عباس — نسخة الشاملة 1002,ج4 ص521,فلما تمكن العدو منهم أخذهم أسرى، وذلك أواخر شعبان سنة اثنتين وتسعين وثمانمائة,يدعم,مطابق حرفيًا (فحص آلي بأداة verify_quote في وصلة الشاملة، 2026-09-23),سقوط مالقة: أواخر شعبان 892هـ ≈ أغسطس 1487م.,https://shamela.ws/book/1002/2543
ATT-252,AST-G25,2 يناير 1492 / 897هـ,موثّق,المقري التلمساني (ت 1041هـ)، نفح الطيب من غصن الأندلس الرطيب، تحقيق إحسان عباس — نسخة الشاملة 1002,ج4 ص525,وفي ثاني ربيع الأول من السنة - أعني سنة سبع وتسعين وثمانمائة - استولى النصارى على الحمراء ودخلوها,يدعم,مطابق حرفيًا (فحص آلي بأداة verify_quote في وصلة الشاملة، 2026-09-23),2 ربيع الأول 897هـ = 2/3 يناير 1492م.,https://shamela.ws/book/1002/2547
ATT-253,AST-G02,1492 (تسليم غرناطة 2 يناير 1492),موثّق,المقري التلمساني (ت 1041هـ)، نفح الطيب من غصن الأندلس الرطيب، تحقيق إحسان عباس — نسخة الشاملة 1002,ج4 ص525,وفي ثاني ربيع الأول من السنة - أعني سنة سبع وتسعين وثمانمائة - استولى النصارى على الحمراء ودخلوها,يدعم,مطابق حرفيًا (فحص آلي بأداة verify_quote في وصلة الشاملة، 2026-09-23),2 ربيع الأول 897هـ = 2/3 يناير 1492م.,https://shamela.ws/book/1002/2547
ATT-254,AST-G26,1499–1501,موثّق جزئيًا,المقري التلمساني (ت 1041هـ)، نفح الطيب من غصن الأندلس الرطيب، تحقيق إحسان عباس — نسخة الشاملة 1002,ج4 ص527,إلى أن آل الحال لحملهم المسلمين على التنصر سنة أربع وتسعمائة,يدعم جزئيًا,مطابق حرفيًا (فحص آلي بأداة verify_quote في وصلة الشاملة، 2026-09-23),904هـ = أغسطس 1498 – أغسطس 1499م؛ ويذكر بعده قيام أهل البيازين على الحكام.,https://shamela.ws/book/1002/2549
ATT-255,AST-G33,1194/1195 (591هـ، عام الأرك) – 1273 (29 جمادى الآخرة 671هـ),حُسم الخلاف,لسان الدين ابن الخطيب (ت 776هـ)، الإحاطة في أخبار غرناطة — نسخة الشاملة 11682,ج2 ص56، نقش قبر محمد الأول,ولد، ﵁، وأتاه رحمة من لدنه، عام أحد وتسعين وخمسمائة,يدعم,مطابق حرفيًا (فحص آلي بأداة verify_quote في وصلة الشاملة، 2026-09-23),591هـ = 1194/1195م، وفي ج2 ص55 «بأرجونة، عام الأرك» (591هـ). عنان (ج5 ص38): 595هـ/1198م.,https://shamela.ws/book/11682/427
ATT-256,AST-G33,1194/1195 (591هـ، عام الأرك) – 1273 (29 جمادى الآخرة 671هـ),حُسم الخلاف,لسان الدين ابن الخطيب (ت 776هـ)، الإحاطة في أخبار غرناطة — نسخة الشاملة 11682,ج2 ص56، نقش قبر محمد الأول,وكانت وفاته يوم الجمعة بعد صلاة العصر التاسع والعشرين لجمادى الآخرة عام أحد وسبعين وستمائة,يدعم,مطابق حرفيًا (فحص آلي بأداة verify_quote في وصلة الشاملة، 2026-09-23),29 جمادى الآخرة 671هـ ≈ 21 يناير 1273م؛ فقول عنان «ديسمبر 1272» سهو في التحويل.,https://shamela.ws/book/11682/427
ATT-257,AST-G33,1194/1195 (591هـ، عام الأرك) – 1273 (29 جمادى الآخرة 671هـ),حُسم الخلاف,دولة الإسلام في الأندلس,ج5 ص38 (بحسب ترقيم الشاملة للمطبوع),وولد محمد بن يوسف في أرجونة سنة ٥٩٥ هـ (١١٩٨ م),يخالف,مطابق حرفيًا (فحص آلي بأداة verify_quote في وصلة الشاملة، 2026-09-23),رواية مرجوحة أمام نص الإحاطة (591هـ).,https://shamela.ws/book/1009/2512
ATT-258,AST-G21,1340 / 741هـ,موثّق,لسان الدين ابن الخطيب (ت 776هـ)، الإحاطة في أخبار غرناطة — نسخة الشاملة 11682,ج3 ص298 (وفاة مترجَم له يوم الوقيعة),يوم الوقيعة الكبرى على المسلمين بظاهر طريف يوم الاثنين السابع لجمادى الأولى عام واحد وأربعين وسبعمائة,يدعم,مطابق حرفيًا (فحص آلي بأداة verify_quote في وصلة الشاملة، 2026-09-23),7 جمادى الأولى 741هـ ≈ 30 أكتوبر 1340م، مطابق لتاريخ عنان. ومثله في نفح الطيب ج5 ص17.,https://shamela.ws/book/11682/1091
ATT-259,AST-G20,643هـ = 1245/1246م,حُسم الخلاف,لسان الدين ابن الخطيب (ت 776هـ)، الإحاطة في أخبار غرناطة — نسخة الشاملة 11682,ج1 ص72، ترجمة ابن الزبير الثقفي,خرج به أبوه عند تغلّب العدوّ عليها عام ثلاثة وأربعين وستمائة,يدعم جزئيًا,مطابق حرفيًا (مطابقة مباشرة للصفحة عبر وصلة الشاملة، 2026-09-23),الضمير في «عليها» يعود إلى «مدينة جيّان» في الجملة السابقة. يثبت سنة سقوط جيان (643هـ) لا تفاصيل المعاهدة وتبعية غرناطة.,https://shamela.ws/book/11682/104
ATT-260,AST-002,929,موثّق,ابن عذاري المراكشي (ت بعد 712هـ؛ تاريخ الشاملة 695)، البيان المغرب في أخبار الأندلس والمغرب — نسخة الشاملة 11782,ج2 ص198 (ضمن حوادث سنة 316),وفي هذه السنة، رأى الناصر أن تكون الدعوة له في مخاطباته والمخاطبات له في جميع ما يجري ذكره فيه، بأمير المؤمنين,يدعم,مطابق حرفيًا (فحص آلي بأداة verify_quote في وصلة الشاملة، 2026-09-23),نهاية الإمارة ببدء الدعاء بأمير المؤمنين مستهل ذي الحجة 316هـ (يناير 929م).,https://shamela.ws/book/11782/506
ATT-261,AST-003,929,موثّق,ابن عذاري المراكشي (ت بعد 712هـ؛ تاريخ الشاملة 695)، البيان المغرب في أخبار الأندلس والمغرب — نسخة الشاملة 11782,ج2 ص198 (ضمن حوادث سنة 316),وفي هذه السنة، رأى الناصر أن تكون الدعوة له في مخاطباته والمخاطبات له في جميع ما يجري ذكره فيه، بأمير المؤمنين,يدعم,مطابق حرفيًا (فحص آلي بأداة verify_quote في وصلة الشاملة، 2026-09-23),بداية الخلافة: مستهل ذي الحجة 316هـ (يناير 929م).,https://shamela.ws/book/11782/506
ATT-262,AST-G06,1354–1359,موثّق,لسان الدين ابن الخطيب (ت 776هـ)، تاريخ إسبانية الإسلامية أو كتاب أعمال الأعلام، تحقيق إ. ليفي بروفنسال، ط2، بيروت: دار المكشوف، آذار 1956,ص306، دولة محمد بن يوسف بن إسماعيل (الأولى),وتمشّت أيامه على أتمّ ما يكون من الأمان، وخصب الزمان، إلى الثامن والعشرين من شهر الصوم سنة ٧٦٠. وكان التغلّب على دولته الأولى، واستولى على الأمر أخوه إسماعيل,يدعم,مطابق لصورة الصفحة (قراءة بصرية للنسخة المصوّرة 600 نقطة/بوصة، 2026-09-24),28 رمضان 760هـ ≈ 23 أغسطس 1359م (جدولي). الرقم مكتوب بالأرقام في الطبعة. يكمل ATT-240 (بداية الولاية).,https://archive.org/details/ar106biog55
ATT-263,AST-G28,776هـ (بين مستهلّها وشوالها؛ منتصف 1374م إلى أوائل 1375م),موثّق,لسان الدين ابن الخطيب (ت 776هـ)، تاريخ إسبانية الإسلامية أو كتاب أعمال الأعلام، تحقيق إ. ليفي بروفنسال، ط2، بيروت: دار المكشوف، آذار 1956,المقدمة ص ز,ولكن لم تطل المدة حتى خلع أبو زيّان وولي مكانه أبو العباس المستنصر ( ٧٧٦ ه – ١٣٧٤ م ) فاشتدّ خوف المهاجر المسكين ، وحق له الخوف إذ انتهى به الأمر إلى أن سجن بفاس ، ثم خنقته بسجنه ، في بعض الليالي ،,يدعم جزئيًا,مطابق لصورة الصفحة (قراءة بصرية للنسخة المصوّرة 600 نقطة/بوصة، 2026-09-24),كلام المحقق ليفي بروفنسال لا ابن الخطيب؛ يضع القتل بعد ولاية المستنصر سنة 776هـ دون يوم أو شهر. تتمة الجملة في ص ح: «رسل أحد أعدائه الحريصين على هلاكه».,https://archive.org/details/ar106biog55
ATT-GA01,AST-G01,1232–1238 (إعلان ابن الأحمر 1232 / دخول غرناطة 1238),موثّق,دولة الإسلام في الأندلس,ج 5 ص 38 (بحسب ترقيم الشاملة للمطبوع),وولد محمد بن يوسف في أرجونة سنة ٥٩٥ هـ (١١٩٨ م),يدعم جزئيًا,مطابق حرفيًا (فحص آلي بأداة verify_quote في وصلة الشاملة، 2026-09-23),يُثبت أصله من أرجونة فقط؛ انظر السجلات التالية لتواريخ القيام والدخول.,https://shamela.ws/book/1009/2512
ATT-GA02,AST-G01,1232–1238 (إعلان ابن الأحمر 1232 / دخول غرناطة 1238),موثّق,دولة الإسلام في الأندلس,ج 5 ص 39 (بحسب ترقيم الشاملة للمطبوع),ونادت قرمونة وقرطبة وإشبيلية بطاعته لمدى قصير وذلك في أواسط سنة ٦٢٩ هـ,يدعم جزئيًا,مطابق حرفيًا (فحص آلي بأداة verify_quote في وصلة الشاملة، 2026-09-23),629هـ ≈ 1231–1232م؛ يدعم بداية الحركة 1232 دون نصّ صريح على «إعلان أرجونة». نص الاقتباس بحسب مستخلص الصفحة.,https://shamela.ws/book/1009/2513
ATT-GA03,AST-G01,1232–1238 (إعلان ابن الأحمر 1232 / دخول غرناطة 1238),موثّق,دولة الإسلام في الأندلس,ج 5 ص 40 (بحسب ترقيم الشاملة للمطبوع),سنة ٦٣٥ هـ (أبريل سنة ١٢٣٨ م)، وهو يرتدى ثياباً خشنة وحلة مرقعة، ونزل بجامع القصبة,يدعم,مطابق حرفيًا (فحص آلي بأداة verify_quote في وصلة الشاملة، 2026-09-23),دخول غرناطة 1238؛ وفي الحاشية: «ولكن معظم الروايات على أن دخوله كان في ٦٣٥ هـ» (رواية بـ636).,https://shamela.ws/book/1009/2514
ATT-GA04,AST-G01,1232–1238 (إعلان ابن الأحمر 1232 / دخول غرناطة 1238),موثّق,Patronato de la Alhambra y Generalife,صفحة «Historia»,"Al-Ahmar, fundador de la Dinastía nazarí, se instala en 1238 en la Antigua Alcazaba del Albaicín",يدعم جزئيًا,مطابق حرفيًا (فحص الصفحة الحية عبر WebFetch بنموذج مساعد، 2026-09-23 — يُعاد بالعين قبل النشر),يدعم 1238 فقط.,https://www.alhambra-patronato.es/descubrir/historia
ATT-GA05,AST-G01,1232–1238 (إعلان ابن الأحمر 1232 / دخول غرناطة 1238),موثّق,دولة الإسلام في الأندلس,ج 5، عنوان القسم (فهرس الشاملة),تاريخ مملكة غرناطة ٦٣٥ - ٨٩٧ هـ: ١٢٣٨ - ١٤٩٢ م,يدعم جزئيًا,مطابق حرفيًا عدا التشكيل (غَرناطة) (فحص آلي بأداة verify_quote في وصلة الشاملة، 2026-09-23),عنان يؤرخ المملكة من 1238 (دخول غرناطة) لا من 1232.,https://shamela.ws/book/1009/2488
ATT-GA06,AST-G02,1492 (تسليم غرناطة 2 يناير 1492),موثّق,دولة الإسلام في الأندلس,ج 5 ص 264 (بحسب ترقيم الشاملة للمطبوع),وفى صباح اليوم الثانى من يناير سنة ١٤٩٢ م، فى الوقت,يدعم,مطابق حرفيًا (فحص آلي بأداة verify_quote في وصلة الشاملة، 2026-09-23),الجملة تتمة في الصفحة التالية؛ سياقها تسليم الحمراء. وفي ص 262: استلام الحمراء «يوم ٢ يناير» ثم دخول الملكين في 8 يناير.,https://shamela.ws/book/1009/2737
ATT-GA07,AST-G02,1492 (تسليم غرناطة 2 يناير 1492),موثّق,Encyclopaedia Britannica (مرجعي عام),المقالة,"After a siege that began in 1491, he too surrendered, on January 2, 1492",يدعم,مطابق حرفيًا (فحص الصفحة الحية عبر WebFetch بنموذج مساعد، 2026-09-23 — يُعاد بالعين قبل النشر),,https://www.britannica.com/biography/Muhammad-XI
ATT-GA08,AST-G03,1232–1273,موثّق جزئيًا,دولة الإسلام في الأندلس,ج 5 ص 53 (بحسب ترقيم الشاملة للمطبوع),وتوفى محمد بن الأحمر فى التاسع والعشرين من جمادى الثانية سنة ٦٧١ هـ (ديسمبر ١٢٧٢ م) على أثر سقطة من جواده,يدعم جزئيًا,مطابق حرفيًا؛ النسخة الرقمية فيها «سة» تصحيف «سنة» (فحص آلي بأداة verify_quote في وصلة الشاملة، 2026-09-23),النص المطبوع في الشاملة فيه «سة» (خطأ طباعي لسنة). عنان يقابله بديسمبر 1272، بينما 29 جمادى الآخرة 671 ≈ يناير 1273؛ على القائد التحويل.,https://shamela.ws/book/1009/2527
ATT-GA09,AST-G03,1232–1273,موثّق جزئيًا,Encyclopaedia Britannica (مرجعي عام),المقالة,"The first Naṣrid ruler, Muḥammad I al-Ghālib (d. 1273)",يدعم جزئيًا,مطابق حرفيًا (فحص الصفحة الحية عبر WebFetch بنموذج مساعد، 2026-09-23 — يُعاد بالعين قبل النشر),يدعم نهاية الولاية 1273 فقط.,https://www.britannica.com/topic/Nasrid-dynasty
ATT-GA10,AST-G04,1273–1302,موثّق,دولة الإسلام في الأندلس,ج 5 ص 112 (بحسب ترقيم الشاملة للمطبوع),ولم يمض على عقدها بضعة أشهر حتى توفى السلطان فى شعبان سنة ٧٠١ هـ (مايو سنة ١٣٠٢ م) بعد أن حكم أكثر من ثلاثين عاماً,يدعم,مطابق حرفيًا (فحص آلي بأداة verify_quote في وصلة الشاملة، 2026-09-23),بداية الولاية 1273 تلزم من وفاة أبيه (ص 94: «خلفه فى الملك ولده وولى عهده أبو عبد الله محمد»).,https://shamela.ws/book/1009/2586
ATT-GA11,AST-G05,1333–1354,موثّق,دولة الإسلام في الأندلس,ج 5 ص 124 (بحسب ترقيم الشاملة للمطبوع),اغتاله فى الطريق جماعة من المتآمرين بتحريض بنى أبى العلاء، (ذى الحجة سنة ٧٣٣ هـ),يدعم,مطابق حرفيًا (فحص آلي بأداة verify_quote في وصلة الشاملة، 2026-09-23),مقتل محمد الرابع؛ وفي ص 125: «وولى العرش من بعده أخوه أبو الحجاج يوسف بن أبى الوليد إسماعيل، وهو فتى فى السادسة عشرة.» ذو الحجة 733 ≈ أغسطس 1333.,https://shamela.ws/book/1009/2598
ATT-GA12,AST-G05,1333–1354,موثّق,دولة الإسلام في الأندلس,ج 5 ص 134 (بحسب ترقيم الشاملة للمطبوع),ولكنه ما لبث أن قتل غيلة أثناء صلاته بالمسجد الأعظم فى يوم عيد الفطر سنة ٧٥٥ هـ (أكتوبر سنة ١٣٥٤ م),يدعم,مطابق حرفيًا (فحص آلي بأداة verify_quote في وصلة الشاملة، 2026-09-23),,https://shamela.ws/book/1009/2608
ATT-GA13,AST-G05,1333–1354,موثّق,Patronato de la Alhambra y Generalife,صفحة «Historia»,coincidiendo con los sultanatos de Yusuf I (1333-1354) y el segundo reinado de Muhammad V (1362-1391).,يدعم,مطابق حرفيًا (فحص الصفحة الحية عبر WebFetch بنموذج مساعد، 2026-09-23 — يُعاد بالعين قبل النشر),,https://www.alhambra-patronato.es/descubrir/historia
ATT-GA14,AST-G06,1354–1359,موثّق,دولة الإسلام في الأندلس,ج 5 ص 139 (بحسب ترقيم الشاملة للمطبوع),لم تمض ساعات قلائل على مصرع السلطان يوسف أبى الحجاج فى صبيحة يوم عيد الفطر سنة ٧٥٥ هـ، حتى خلفه فى الملك ولده محمد الملقب بالغنى بالله,يدعم,مطابق حرفيًا (فحص آلي بأداة verify_quote في وصلة الشاملة، 2026-09-23),بداية الولاية الأولى 1354.,https://shamela.ws/book/1009/2613
ATT-GA15,AST-G06,1354–1359,موثّق,دولة الإسلام في الأندلس,ج 5 ص 140 (بحسب ترقيم الشاملة للمطبوع),في رمضان سنة ٧٦٠ هـ (١٣٥٩ م) نشبت فى غرناطة ثورة فقد فيها الغنى بالله ملكه,يدعم,مطابق حرفيًا عدا رسم الهمزة/الياء («ففى» في الأصل) (فحص آلي بأداة verify_quote في وصلة الشاملة، 2026-09-23),نهاية الولاية الأولى 1359.,https://shamela.ws/book/1009/2614
ATT-GA16,AST-G07,1362–1391,حُسم الخلاف,دولة الإسلام في الأندلس,ج 5 ص 141–142 (بحسب ترقيم الشاملة للمطبوع),واسترد محمد ملكه (جمادى الآخرة سنة ٧٦٣ هـ - ١٣٦١ م),يخالف,مطابق حرفيًا (فحص مباشر؛ النص يمتد ص141–142),عنان يقابل العودة بـ1361م بدل 1362؛ لكن جمادى الآخرة 763 ≈ أبريل 1362، فالخلاف ظاهري في التحويل على الأرجح. الاقتباس مركّب من نهاية ص141 وبداية ص142 كما عرضها المستخلص.,https://shamela.ws/book/1009/2616
ATT-GA17,AST-G07,1362–1391,حُسم الخلاف,دولة الإسلام في الأندلس,ج 5 ص 148 (بحسب ترقيم الشاملة للمطبوع),واستطال حكم الغنى بالله حتى سنة ٧٩٣ هـ (١٣٩١ م) وساد الأمن والسلام فى عصره,يدعم,مطابق حرفيًا (فحص آلي بأداة verify_quote في وصلة الشاملة، 2026-09-23),نهاية الولاية الثانية 1391.,https://shamela.ws/book/1009/2622
ATT-GA18,AST-G07,1362–1391,حُسم الخلاف,Patronato de la Alhambra y Generalife,صفحة «Historia»,coincidiendo con los sultanatos de Yusuf I (1333-1354) y el segundo reinado de Muhammad V (1362-1391).,يدعم,مطابق حرفيًا (فحص الصفحة الحية عبر WebFetch بنموذج مساعد، 2026-09-23 — يُعاد بالعين قبل النشر),,https://www.alhambra-patronato.es/descubrir/historia
ATT-GA19,AST-G08,868هـ (1463/1464) – 1482,حُسم الخلاف,دولة الإسلام في الأندلس,ج 5 ص 167 (بحسب ترقيم الشاملة للمطبوع),وفى العام التالى أعنى سنة ٨٦٨ هـ، لما اشتد ضغط النصارى على الأندلس، عاد أبو الحسن فعقد الصلح مع أبيه... وعندئذ خلص العرش لأبى الحسن.,يدعم جزئيًا,مطابق حرفيًا لجزأيه، والنص مركّب بحذف (...) (فحص آلي بأداة verify_quote في وصلة الشاملة، 2026-09-23),868هـ = 1463–1464م؛ عنوان الكتاب الثاني «٨٦٨ - ٨٩٧: ١٤٦٣ - ١٤٩٢ م».,https://shamela.ws/book/1009/2641
ATT-GA20,AST-G08,868هـ (1463/1464) – 1482,حُسم الخلاف,دولة الإسلام في الأندلس,ج 5 ص 202 (بحسب ترقيم الشاملة للمطبوع),وجلس أبو عبد الله محمد مكان أبيه على عرش غرناطة,يدعم,مطابق حرفيًا بعد حذف رقم الحاشية (٥) (فحص آلي بأداة verify_quote في وصلة الشاملة، 2026-09-23),خلع أبي الحسن 887هـ/1482 («ففر الملك الشيخ إلى مالقة»؛ الصفحة تذكر جمادى الأولى ٨٨٧ - يوليه ١٤٨٢).,https://shamela.ws/book/1009/2675
ATT-GA21,AST-G08,868هـ (1463/1464) – 1482,حُسم الخلاف,Encyclopaedia Britannica (مرجعي عام),المقالة,Abū al-Ḥasan ʿAlī (1466–85),يخالف,مطابق حرفيًا (فحص الصفحة الحية عبر WebFetch بنموذج مساعد، 2026-09-23 — يُعاد بالعين قبل النشر),بريتانيكا تبدأ ولايته 1466 وتنهيها 1485 (تجمع الولايتين).,https://www.britannica.com/topic/Nasrid-dynasty
ATT-GA22,AST-G09,1483–1485,موثّق,دولة الإسلام في الأندلس,ج 5 ص 204 (بحسب ترقيم الشاملة للمطبوع),واجتمع الكبراء والقادة وقرروا استدعاء أبى الحسن السلطان المخلوع ليجلس على العرش مكان ولده الأسير.,يدعم,مطابق حرفيًا (فحص آلي بأداة verify_quote في وصلة الشاملة، 2026-09-23),بعد أسر أبي عبد الله عند اللسانة (ربيع الأول 888/أبريل 1483، ص 203).,https://shamela.ws/book/1009/2677
ATT-GA23,AST-G09,1483–1485,موثّق,دولة الإسلام في الأندلس,ج 5 ص 204 (بحسب ترقيم الشاملة للمطبوع),"فنزل عن العرش لأخيه محمد أبى عبد الله ""الزغل"" حاكم مالقة، وارتد إلى المنكَّب فأقام بها حيناً حتى توفى (٨٩٠ هـ - ١٤٨٥ م).",يدعم جزئيًا,مطابق حرفيًا (فحص آلي بأداة verify_quote في وصلة الشاملة، 2026-09-23),التاريخ بين القوسين متعلق بالوفاة؛ النزول قبلها في 1485 ضمنًا.,https://shamela.ws/book/1009/2677
ATT-GA24,AST-G10,1485–1487,موثّق,دولة الإسلام في الأندلس,ج 5 ص 204 (بحسب ترقيم الشاملة للمطبوع),"فنزل عن العرش لأخيه محمد أبى عبد الله ""الزغل"" حاكم مالقة، وارتد إلى المنكَّب فأقام بها حيناً حتى توفى (٨٩٠ هـ - ١٤٨٥ م).",يدعم جزئيًا,مطابق حرفيًا (فحص آلي بأداة verify_quote في وصلة الشاملة، 2026-09-23),بداية الزغل 1485.,https://shamela.ws/book/1009/2677
ATT-GA25,AST-G10,1485–1487,موثّق,دولة الإسلام في الأندلس,ج 5 ص 214 (بحسب ترقيم الشاملة للمطبوع),وأنه دخلها وتبوأ العرش مكانه (٥ جمادى الأولى - ٢٨ أبريل),يدعم,مطابق حرفيًا (فحص آلي بأداة verify_quote في وصلة الشاملة، 2026-09-23),سياق: سقوط بلش مالقة «فى جمادى الأولى سنة ٨٩٢ هـ (ابريل سنة ١٤٨٧)»، ودخول أبي عبد الله غرناطة وانسحاب الزغل إلى وادي آش؛ نهاية ولايته في غرناطة 1487.,https://shamela.ws/book/1009/2687
ATT-GA26,AST-G11,1482–1483,موثّق,دولة الإسلام في الأندلس,ج 5 ص 202 (بحسب ترقيم الشاملة للمطبوع),وجلس أبو عبد الله محمد مكان أبيه على عرش غرناطة,يدعم,مطابق حرفيًا بعد حذف رقم الحاشية (٥) (فحص آلي بأداة verify_quote في وصلة الشاملة، 2026-09-23),الصفحة تؤرخ الأحداث بـ«جمادى الأولى ٨٨٧ - يوليه ١٤٨٢».,https://shamela.ws/book/1009/2675
ATT-GA27,AST-G11,1482–1483,موثّق,دولة الإسلام في الأندلس,ج 5 ص 203 (بحسب ترقيم الشاملة للمطبوع),كان بين الأسرى السلطان أبو عبد الله محمد نفسه,يدعم,مطابق حرفيًا (فحص آلي بأداة verify_quote في وصلة الشاملة، 2026-09-23),أسره عند اللسانة (Lucena) ربيع الأول 888 / أبريل 1483 = نهاية الولاية الأولى.,https://shamela.ws/book/1009/2676
ATT-GA28,AST-G12,1487–1492,موثّق,دولة الإسلام في الأندلس,ج 5 ص 214 (بحسب ترقيم الشاملة للمطبوع),وأنه دخلها وتبوأ العرش مكانه (٥ جمادى الأولى - ٢٨ أبريل),يدعم,مطابق حرفيًا (فحص آلي بأداة verify_quote في وصلة الشاملة، 2026-09-23),892هـ/1487.,https://shamela.ws/book/1009/2687
ATT-GA29,AST-G12,1487–1492,موثّق,دولة الإسلام في الأندلس,ج 5 ص 264 (بحسب ترقيم الشاملة للمطبوع),وفى صباح اليوم الثانى من يناير سنة ١٤٩٢ م، فى الوقت,يدعم,مطابق حرفيًا (فحص آلي بأداة verify_quote في وصلة الشاملة، 2026-09-23),نهاية الولاية بالتسليم.,https://shamela.ws/book/1009/2737
ATT-GA30,AST-G12,1487–1492,موثّق,Encyclopaedia Britannica (مرجعي عام),المقالة,His reign (1482–92) was marked by incessant civil strife and the fall of Granada to Ferdinand and Isabella.,يدعم جزئيًا,مطابق حرفيًا (فحص الصفحة الحية عبر WebFetch بنموذج مساعد، 2026-09-23 — يُعاد بالعين قبل النشر),مدى إجمالي لا يفصّل الانقطاع.,https://www.britannica.com/biography/Muhammad-XI
ATT-GA31,AST-G13,محمد بن يوسف بن نصر؛ أبو عبد الله؛ الغالب بالله؛ ابن الأحمر,موثّق,دولة الإسلام في الأندلس,ج 5 ص 38 (بحسب ترقيم الشاملة للمطبوع),محمد بن يوسف بن محمد بن أحمد بن خميس بن نصر ابن قيس الخزرجى,يدعم جزئيًا,مطابق حرفيًا (فحص آلي بأداة verify_quote في وصلة الشاملة، 2026-09-23),يؤكد «محمد بن يوسف ... بن نصر»؛ ولم يُعثر في الصفحات المفحوصة على «أبو عبد الله» أو «الغالب بالله» لمحمد الأول. «ابن الأحمر» مستعمل عند عنان مرارًا (ص 41، 53).,https://shamela.ws/book/1009/2512
ATT-GA32,AST-G13,محمد بن يوسف بن نصر؛ أبو عبد الله؛ الغالب بالله؛ ابن الأحمر,موثّق,Encyclopaedia Britannica (مرجعي عام),المقالة,"The first Naṣrid ruler, Muḥammad I al-Ghālib (d. 1273)",يدعم جزئيًا,مطابق حرفيًا (فحص الصفحة الحية عبر WebFetch بنموذج مساعد، 2026-09-23 — يُعاد بالعين قبل النشر),يدعم لقب الغالب.,https://www.britannica.com/topic/Nasrid-dynasty
ATT-GA33,AST-G14,1318 (28 ربيع الآخر 718هـ) – 1354 (1 شوال 755هـ),صُحح وموثّق,دولة الإسلام في الأندلس,ج 5 ص 125 (بحسب ترقيم الشاملة للمطبوع),وولى العرش من بعده أخوه أبو الحجاج يوسف بن أبى الوليد إسماعيل، وهو فتى فى السادسة عشرة.,يدعم جزئيًا,مطابق حرفيًا (فحص آلي بأداة verify_quote في وصلة الشاملة، 2026-09-23),ابن 16 عند ولايته (ذو الحجة 733/1333) ⇒ مولده نحو 717–718هـ/1317–1318م؛ لا نص صريح بسنة المولد.,https://shamela.ws/book/1009/2599
ATT-GA34,AST-G14,1318 (28 ربيع الآخر 718هـ) – 1354 (1 شوال 755هـ),صُحح وموثّق,دولة الإسلام في الأندلس,ج 5 ص 134 (بحسب ترقيم الشاملة للمطبوع),ولكنه ما لبث أن قتل غيلة أثناء صلاته بالمسجد الأعظم فى يوم عيد الفطر سنة ٧٥٥ هـ (أكتوبر سنة ١٣٥٤ م),يدعم,مطابق حرفيًا (فحص آلي بأداة verify_quote في وصلة الشاملة، 2026-09-23),اغتيال 1354.,https://shamela.ws/book/1009/2608
ATT-GA35,AST-G15,1339 (22 جمادى الآخرة 739هـ) – 1391 (793هـ),صُحح وموثّق,دولة الإسلام في الأندلس,ج 5 ص 149 (بحسب ترقيم الشاملة للمطبوع),توفى الغنى بالله سنة ٧٩٣ هـ (١٣٩١ م),يدعم جزئيًا,مطابق حرفيًا (فحص آلي بأداة verify_quote في وصلة الشاملة، 2026-09-23),يدعم الوفاة 1391 فقط؛ سنة المولد 1338 لم تُتحقق.,https://shamela.ws/book/1009/2623
ATT-GA36,AST-G16,1313 (25 رجب 713هـ) – 1374/1375 (776هـ),موثّق,دولة الإسلام في الأندلس,ج 5 ص 146 (بحسب ترقيم الشاملة للمطبوع),فقتلوه فى سجنه، وذلك فى أوائل سنة ٧٧٦ هـ (أواخر ١٣٧٤ م),يدعم جزئيًا,مطابق حرفيًا (فحص آلي بأداة verify_quote في وصلة الشاملة، 2026-09-23),يدعم الوفاة (1374/75) والقتل في السجن؛ سنة المولد 1313 لم تُتحقق.,https://shamela.ws/book/1009/2620
ATT-GA37,AST-G17,1333 (14 شوال 733هـ) – بعد 795هـ (أواخر 1393م أو بعدها),موثّق جزئيًا,دولة الإسلام في الأندلس,ج 5 ص 150 (بحسب ترقيم الشاملة للمطبوع),وفى أواخر سنة ٧٩٧ هـ (١٣٩٥ م) دهمه جماعة من المتآمرين بمنزله وقتلوه وآله,يدعم جزئيًا,مطابق حرفيًا (فحص آلي بأداة verify_quote في وصلة الشاملة، 2026-09-23),يتسق مع «بعد 1393» ويحدده بأواخر 797هـ/1395؛ سنة المولد 1333 لم تُتحقق. يُقترح تحديث القيمة. — حاشية عنان (٣) تحيل إلى «نفح الطيب ج4 ص286 و290» (الطبعة القديمة)؛ ونص النفح بتحقيق إحسان عباس لا يذكر 797 بل ينص المقري على أن القتل «بعد عام خمسة وتسعين وسبعمائة، ولم أقف من أمره على غير ما تقدم» (ج7 ص170). فسنة 797 لا يسندها المصدر المحال إليه.,https://shamela.ws/book/1009/2624
ATT-GA38,AST-G18,أبو عبد الله محمد بن علي (Boabdil),موثّق,دولة الإسلام في الأندلس,ج 5 ص 215 (بحسب ترقيم الشاملة للمطبوع),تبوأ أبو عبد الله محمد بن السلطان علىّ أبى الحسن عرش غرناطة للمرة الثانية، عقب عوده من الأسر بنحو عام,يدعم,مطابق حرفيًا (فحص آلي بأداة verify_quote في وصلة الشاملة، 2026-09-23),,https://shamela.ws/book/1009/2688
ATT-GA39,AST-G18,أبو عبد الله محمد بن علي (Boabdil),موثّق,Encyclopaedia Britannica (مرجعي عام),المقالة,"Muḥammad XII (died 1527) was the last Naṣrid sultan of Granada, Spain.",يدعم جزئيًا,مطابق حرفيًا (فحص الصفحة الحية عبر WebFetch بنموذج مساعد، 2026-09-23 — يُعاد بالعين قبل النشر),تذكر المقالة أيضًا الصيغ Abū ʿAbd Allāh Muḥammad XII وBoabdil (بحسب مستخلص الصفحة).,https://www.britannica.com/biography/Muhammad-XI
ATT-GB01,AST-G19,1238 / 635هـ,موثّق,دولة الإسلام في الأندلس,ج5 ص39–40 (بحسب ترقيم الشاملة للمطبوع)، الفصل الثاني: نشأة مملكة غرناطة,فسار ابن الأحمر إلى غرناطة ودخلها عند مغيب الشمس في يوم من أواخر رمضان [ص40:] سنة ٦٣٥ هـ (أبريل سنة ١٢٣٨ م),يدعم,مطابق حرفيًا، والنص يمتد بين ج5 ص39 وص40 (فحص آلي بأداة verify_quote في وصلة الشاملة، 2026-09-23),الجملة تمتد بين صفحتي 2513 و2514 في الشاملة.,https://shamela.ws/book/1009/2513
ATT-GB02,AST-G19,1238 / 635هـ,موثّق,Patronato de la Alhambra y Generalife,صفحة Historia,"Al-Ahmar, fundador de la Dinastía nazarí, se instala en 1238 en la Antigua Alcazaba del Albaicín",يدعم,مطابق حرفيًا (فحص الصفحة الحية عبر WebFetch بنموذج مساعد، 2026-09-23 — يُعاد بالعين قبل النشر),,https://www.alhambra-patronato.es/descubrir/alhambra-y-generalife/historia
ATT-GB03,AST-G20,643هـ = 1245/1246م,حُسم الخلاف,دولة الإسلام في الأندلس,ج5 ص43 (بحسب ترقيم الشاملة للمطبوع)، الفصل الثاني,وسلم ابن الأحمر إلى فرناندو جيّان وأرجونة ... وعقد ملك قشتالة السلم مع ابن الأحمر لمدة عشرين سنة، وأقره على ما بقى بيده من القواعد والحصون (٦٤٣ هـ - ١٢٤٥ م),يخالف,مطابق حرفيًا (فحص مباشر),يتفق في السنة الهجرية 643 ويخالف في الميلادية (1245 لا 1246)؛ 643هـ تمتد من مايو 1245 إلى مايو 1246، فالفرق فرق تحويل. القرار للمحرر.,https://shamela.ws/book/1009/2517
ATT-GB04,AST-G21,1340 / 741هـ,موثّق,دولة الإسلام في الأندلس,ج5 ص127 (بحسب ترقيم الشاملة للمطبوع)، الفصل السابع,وفى يوم ٣٠ أكتوبر سنة ١٣٤٠ (جمادى الأولى سنة ٧٤١ هـ) نشبت بين الفريقين معركة عامة على ضفاف نهر سالادو,يدعم,مطابق حرفيًا (فحص آلي بأداة verify_quote في وصلة الشاملة، 2026-09-23),,https://shamela.ws/book/1009/2601
ATT-GB05,AST-G22,1362–1391 (محمد الخامس),موثّق,Patronato de la Alhambra y Generalife,صفحة Patio de los Leones,"Muhammad V fue el inspirador de este bello palacio construido en su segundo mandato, entre 1362 y 1391",يدعم,مطابق حرفيًا (فحص مباشر),,https://www.alhambra-patronato.es/edificios-lugares/patio-de-los-leones
ATT-GB06,AST-G22,1362–1391 (محمد الخامس),موثّق,Patronato de la Alhambra y Generalife,صفحة Historia,"alcanza su esplendor en la segunda mitad del siglo XIV, coincidiendo con los sultanatos de Yusuf I (1333-1354) y el segundo reinado de Muhammad V (1362-1391)",يدعم,مطابق حرفيًا (فحص الصفحة الحية عبر WebFetch بنموذج مساعد، 2026-09-23 — يُعاد بالعين قبل النشر),سياقي لتواريخ الحكم.,https://www.alhambra-patronato.es/descubrir/alhambra-y-generalife/historia
ATT-GB07,AST-G23,1487 / 892هـ,موثّق,دولة الإسلام في الأندلس,ج5 ص217 (بحسب ترقيم الشاملة للمطبوع)، الفصل الثاني: بداية النهاية,وهكذا سقطت مالقة بعد دفاع مجيد استطال ثلاثة أشهر فى أيدى النصارى، وذلك فى أواخر شعبان سنة ٨٩٢ هـ (أغسطس ١٤٨٧ م),يدعم,مطابق حرفيًا (فحص آلي بأداة verify_quote في وصلة الشاملة، 2026-09-23),بدء الحصار في ص216: جمادى الثانية 892هـ (يونيه 1487م).,https://shamela.ws/book/1009/2690
ATT-GB08,AST-G24,25 نوفمبر 1491,موثّق,دولة الإسلام في الأندلس,ج5 ص250 (بحسب ترقيم الشاملة للمطبوع)، الفصل الثالث: الصراع الأخير,وعليها تاريخ تحريرها وهو يوم ٢٥ نوفمبر سنة ١٤٩١,يدعم,مطابق حرفيًا (فحص آلي بأداة verify_quote في وصلة الشاملة، 2026-09-23),,https://shamela.ws/book/1009/2723
ATT-GB09,AST-G24,25 نوفمبر 1491,موثّق,دولة الإسلام في الأندلس,ج5 ص257 (بحسب ترقيم الشاملة للمطبوع)، حاشية,عهد التسليم وقع كما رأينا فى ٢٥ نوفمبر سنة ١٤٩١ م (٢١ محرم سنة ٨٩٧ هـ),يدعم,مطابق حرفيًا (فحص آلي بأداة verify_quote في وصلة الشاملة، 2026-09-23) — الموضع في حاشية عنان نفسه,مقتطف من الحاشية.,https://shamela.ws/book/1009/2730
ATT-GB10,AST-G25,2 يناير 1492 / 897هـ,موثّق,دولة الإسلام في الأندلس,ج5 ص257 (بحسب ترقيم الشاملة للمطبوع)، الفصل الثالث,واتفق مع ملك قشتالة على تسليم المدينة فى الثانى من يناير سنة ١٤٩٢ م,يدعم,مطابق حرفيًا (فحص آلي بأداة verify_quote في وصلة الشاملة، 2026-09-23),الحاشية نفسها تضع الاستيلاء الفعلي في 2 ربيع الأول 897هـ (نقل بالمعنى من ملخص الأداة، لا اقتباس حرفي).,https://shamela.ws/book/1009/2730
ATT-GB11,AST-G26,1499–1501,موثّق جزئيًا,دولة الإسلام في الأندلس,ج5 ص316 (بحسب ترقيم الشاملة للمطبوع)، الكتاب الثالث ف1,وثار أهل البيازين وتحصنوا بحيهم، ونددوا بخرق العهود,يدعم جزئيًا,مطابق حرفيًا (فحص آلي بأداة verify_quote في وصلة الشاملة، 2026-09-23),لا تاريخ صريح في الصفحة لبدء الثورة (1499).,https://shamela.ws/book/1009/2788
ATT-GB12,AST-G26,1499–1501,موثّق جزئيًا,دولة الإسلام في الأندلس,ج5 ص325 (بحسب ترقيم الشاملة للمطبوع)، الكتاب الثالث ف1,(مارس سنة ١٥٠١),يدعم جزئيًا,مطابق حرفيًا (فحص آلي بأداة verify_quote في وصلة الشاملة، 2026-09-23),تاريخ معركة جبلية في مارس 1501 ضمن سياق الثورات؛ يدعم امتدادها إلى 1501 دون نص صريح على 1499–1501 كحدّين.,https://shamela.ws/book/1009/2797
ATT-GB13,AST-G27,12 فبراير 1502 (نحو 4 شعبان 907هـ),موثّق,Encyclopaedia Britannica (مرجعي عام),مادة Morisco,"In 1502, offered the choice of baptism or exile, many of them were baptized",يدعم,مطابق حرفيًا (فحص الصفحة الحية عبر WebFetch بنموذج مساعد، 2026-09-23 — يُعاد بالعين قبل النشر),,https://www.britannica.com/topic/Morisco
ATT-GB14,AST-G27,12 فبراير 1502 (نحو 4 شعبان 907هـ),موثّق,دولة الإسلام في الأندلس,ج5 ص324 (بحسب ترقيم الشاملة للمطبوع)، الكتاب الثالث ف1,ففى ٢٠ يوليه سنة ١٥٠١ أصدر فرناندو وإيسابيلا أمراً ملكياً خلاصته,يدعم جزئيًا,مطابق حرفيًا (فحص آلي بأداة verify_quote في وصلة الشاملة، 2026-09-23),أمر 1501 خاص بمملكة غرناطة؛ لم يُعثر في الصفحات المفحوصة (2794–2801) على نص قرار 1502 لمسلمي قشتالة.,https://shamela.ws/book/1009/2796
ATT-GB15,AST-G28,776هـ (بين مستهلّها وشوالها؛ منتصف 1374م إلى أوائل 1375م),موثّق,دولة الإسلام في الأندلس,ج5 ص478 (بحسب ترقيم الشاملة للمطبوع)، الكتاب الخامس ف3: عهد النضج والازدهار,ودس عليه الوزير سليمان بعض الأوغاد فقتلوه خنقاً فى سجنه,يدعم جزئيًا,مطابق حرفيًا بعد التصحيح (فحص آلي بأداة verify_quote، 2026-09-23): حُذفت من النص المنقول سابقًا عبارة «وذلك فى أوائل سنة ٧٧٦ هـ (١٣٧٤ م)» لأنها في الأصل تخص جلوس السلطان أحمد,ترتيب الجملتين في الصفحة كما أعادتهما الأداة؛ الميلادي 1374 فقط (أوائل 776هـ). — القتل خنقًا في السجن ثابت في النص، أما التاريخ فيؤخذ من ج5 ص146 (ATT-GA36) لا من هذا الموضع.,https://shamela.ws/book/1009/2950
ATT-GB16,AST-G29,الحمراء: مدينة قصور نصرية على تل السبيكة؛ ضمن موقع UNESCO 314,موثّق,"UNESCO — Alhambra, Generalife and Albayzín",Brief synthesis,"Rising above the modern lower town, the Alhambra and the Albaycín, situated on two adjacent hills, form the medieval part of Granada.",يدعم جزئيًا,مطابق حرفيًا (فحص الصفحة الحية عبر WebFetch بنموذج مساعد، 2026-09-23 — يُعاد بالعين قبل النشر),UNESCO لا تسمي تل السبيكة؛ انظر مصدر Patronato.,https://whc.unesco.org/en/list/314
ATT-GB17,AST-G29,الحمراء: مدينة قصور نصرية على تل السبيكة؛ ضمن موقع UNESCO 314,موثّق,"UNESCO — Alhambra, Generalife and Albayzín",Brief synthesis,"The Alhambra, with its continuous occupation over time, is currently the only preserved palatine city of the Islamic period.",يدعم,مطابق حرفيًا (فحص الصفحة الحية عبر WebFetch بنموذج مساعد، 2026-09-23 — يُعاد بالعين قبل النشر),,https://whc.unesco.org/en/list/314
ATT-GB18,AST-G29,الحمراء: مدينة قصور نصرية على تل السبيكة؛ ضمن موقع UNESCO 314,موثّق,Patronato de la Alhambra y Generalife,صفحة Historia,"En el siglo IX existen noticias de construcciones en la colina de la Sabika, donde posteriormente se levantará la Alhambra",يدعم,مطابق حرفيًا (فحص الصفحة الحية عبر WebFetch بنموذج مساعد، 2026-09-23 — يُعاد بالعين قبل النشر),,https://www.alhambra-patronato.es/descubrir/alhambra-y-generalife/historia
ATT-GB19,AST-G30,جنة العريف: قصر ريفي/بساتين نصرية بجوار الحمراء,موثّق,"UNESCO — Alhambra, Generalife and Albayzín",Brief synthesis,"To the east of the Alhambra fortress and residence are the gardens of the Generalife, an example of a rural residence of the emirs, built during the 13th and 14th centuries.",يدعم,مطابق حرفيًا (فحص الصفحة الحية عبر WebFetch بنموذج مساعد، 2026-09-23 — يُعاد بالعين قبل النشر),,https://whc.unesco.org/en/list/314
ATT-GB20,AST-G30,جنة العريف: قصر ريفي/بساتين نصرية بجوار الحمراء,موثّق,Patronato de la Alhambra y Generalife,صفحة Palacio del Generalife,"La Almunia del Generalife era una hacienda ideal para la explotación agrícola y el descanso, con un núcleo de edificación residencial y una vasta extensión de terreno de cultivo y pasto.",يدعم,مطابق حرفيًا لصدر الجملة؛ حُذفت تتمتها «compartimentada en paratas o bancales…» (فحص الصفحة الحية عبر WebFetch بنموذج مساعد، 2026-09-23 — يُعاد بالعين قبل النشر),الصفحة نفسها تقول «construido entre los siglos XII y XIV» خلافًا لـUNESCO (XIII–XIV)؛ لا يمس صيغة الادعاء.,https://www.alhambra-patronato.es/edificios-lugares/palacio-del-generalife
ATT-GB21,AST-G31,أشعار ابن زمرك منقوشة على جدران الحمراء,موثّق,Patronato de la Alhambra y Generalife,"مقال Ibn Zamrak, un poeta en la Alhambra","Su labor poética se plasmó en los lugares más emblemáticos de la ciudad palatina como puede apreciarse, entre otros, en la torre de la Cautiva, puerta de Comares, fuente del jardín de Daraxa, la sala de Dos Hermanas, o la taza de la fuente del patio de los Leones",يدعم,مطابق حرفيًا (فحص الصفحة الحية عبر WebFetch بنموذج مساعد، 2026-09-23 — يُعاد بالعين قبل النشر),,https://www.alhambra-patronato.es/ibn-zamrak-un-poeta-en-la-alhambra
ATT-GB22,AST-G31,أشعار ابن زمرك منقوشة على جدران الحمراء,موثّق,Patronato de la Alhambra y Generalife,مقال La yesería de Arrayanes con versos de Ibn Zamrak,En estas cartelas se encuentran un poema de Ibn Zamrak (1333-1393).,يدعم,مطابق حرفيًا (فحص الصفحة الحية عبر WebFetch بنموذج مساعد، 2026-09-23 — يُعاد بالعين قبل النشر),تواريخ ابن زمرك تختلف بين مقالي الموقع (1393 هنا و1394 في المقال الآخر).,https://www.alhambra-patronato.es/yeseria-arrayanes
ATT-GB23,AST-G32,قصر قمارش ينسب إلى يوسف الأول (مع إتمام محمد الخامس),موثّق,Patronato de la Alhambra y Generalife,Pieza del mes: Canecillo del alero del patio de Comares,"El palacio de Comares, obra clave de la construcción del sultán Yusuf I, alberga el emblemático salón que le da nombre",يدعم,مطابق حرفيًا (فحص الصفحة الحية عبر WebFetch بنموذج مساعد، 2026-09-23 — يُعاد بالعين قبل النشر),,https://www.alhambra-patronato.es/elemento-del-mes/canecillo-del-alero-del-patio-de-comares
ATT-GB24,AST-G32,قصر قمارش ينسب إلى يوسف الأول (مع إتمام محمد الخامس),موثّق,Patronato de la Alhambra y Generalife,Pieza del mes: Torre de Comares,"Construida por Yūsuf I sobre otra menor, de Ismāʿīl I, su etimología procede del árabe arsh: «trono», como también es conocido su salón interior.",يدعم,مطابق حرفيًا (فحص الصفحة الحية عبر WebFetch بنموذج مساعد، 2026-09-23 — يُعاد بالعين قبل النشر),,https://www.alhambra-patronato.es/elemento-del-mes/torre-de-comares
ATT-GB25,AST-G32,قصر قمارش ينسب إلى يوسف الأول (مع إتمام محمد الخامس),موثّق,Patronato de la Alhambra y Generalife,صفحة Fachada de Comares,Fue mandada construir por Muhammad V en 1370 con motivo de la conquista de Algeciras.,يدعم جزئيًا,مطابق حرفيًا (فحص الصفحة الحية عبر WebFetch بنموذج مساعد، 2026-09-23 — يُعاد بالعين قبل النشر),يدعم مشاركة محمد الخامس (الواجهة)؛ ومقال yeseria-arrayanes ينسب «Patio de Comares o de los Arrayanes» إلى محمد الخامس نحو 1370. لا نص صريح بلفظ «إتمام».,https://www.alhambra-patronato.es/edificios-lugares/fachada-de-comares
ATT-264,AST-G28,776هـ (بين مستهلّها وشوالها؛ منتصف 1374م إلى أوائل 1375م),موثّق,ابن خلدون (ت 808هـ)، تاريخ ابن خلدون (كتاب العبر) — نسخة الشاملة 12320,ج7 ص452 (بحسب ترقيم الشاملة للمطبوع)، «الخبر عن مقتل ابن الخطيب»,ولما استولى السلطان أبو العباس على البلد الجديد دار ملكه فاتح ست وسبعين وسبعمائة,يدعم,مطابق حرفيًا (فحص آلي بأداة verify_quote في وصلة الشاملة، 2026-09-24),الحد الأدنى: الخبر يبدأ باستيلاء أبي العباس على فاس الجديد في مستهل 776هـ (1 محرم 776 ≈ 12 يونيو 1374م بالحساب الجدولي)، ثم يسوق النكبة والقتل بعده.,https://shamela.ws/book/12320/4469
ATT-265,AST-G28,776هـ (بين مستهلّها وشوالها؛ منتصف 1374م إلى أوائل 1375م),موثّق,ابن خلدون (ت 808هـ)، تاريخ ابن خلدون (كتاب العبر) — نسخة الشاملة 12320,ج7 ص453 (بحسب ترقيم الشاملة للمطبوع)، «الخبر عن مقتل ابن الخطيب»,فطرقوا السجن ليلا ومعهم زعانفة جاءوا في لفيف الخدم مع سفراء السلطان ابن الأحمر، وقتلوه خنقا في محبسه,يدعم,مطابق حرفيًا (فحص آلي بأداة verify_quote في وصلة الشاملة، 2026-09-24),شاهد معاصر على كيفية القتل (خنقًا في السجن بفاس). ابن خلدون صديق ابن الخطيب وكان بالمغرب حينها.,https://shamela.ws/book/12320/4470
ATT-266,AST-G28,776هـ (بين مستهلّها وشوالها؛ منتصف 1374م إلى أوائل 1375م),موثّق,ابن خلدون (ت 808هـ)، رحلة ابن خلدون (التعريف بابن خلدون ورحلته غربًا وشرقًا) — نسخة الشاملة 37022,ص187 (بحسب ترقيم الشاملة للمطبوع),فلم تنجح تلك السعاية، وقتل ابن الخطيب بمحبسه,يدعم,مطابق حرفيًا (فحص آلي بأداة verify_quote في وصلة الشاملة، 2026-09-24),رواية ابن خلدون عن نفسه: توسّط لابن الخطيب فلم ينجح، فقُتل. يأتي الخبر في سياق أحداث 776هـ.,https://shamela.ws/book/37022/161
ATT-267,AST-G28,776هـ (بين مستهلّها وشوالها؛ منتصف 1374م إلى أوائل 1375م),موثّق,ابن خلدون (ت 808هـ)، رحلة ابن خلدون (التعريف بابن خلدون ورحلته غربًا وشرقًا) — نسخة الشاملة 37022,ص187 (بحسب ترقيم الشاملة للمطبوع),ولحق بي أهلي وولدي من فاس، وأقاموا معي، وذلك في عيد الفطر سنة ست وسبعين,يدعم جزئيًا,مطابق حرفيًا (فحص آلي بأداة verify_quote في وصلة الشاملة، 2026-09-24),الحد الأعلى استنتاجًا من ترتيب السرد: خبر القتل يسبق في الصفحة نفسها انتقال ابن خلدون إلى هنين ثم تلمسان ولحاق أهله به في عيد الفطر 776هـ (≈ 5 مارس 1375م). النص لا يصرّح بأن القتل قبل شوال، فهو قرينة لا نص.,https://shamela.ws/book/37022/161
ATT-268,AST-015,خراب مدينة الزهراء في الفتنة: دخلها البربر أواخر ربيع الأول 401هـ (نوفمبر 1010م)، واستُؤصل خرابها في أيام المستكفي 414–416هـ (1024–1025م),صُحح وموثّق,لسان الدين ابن الخطيب (ت 776هـ)، تاريخ إسبانية الإسلامية أو كتاب أعمال الأعلام، تحقيق إ. ليفي بروفنسال، ط2، بيروت: دار المكشوف، آذار 1956,ص117، «أيام هشام بن الحكم ... في المرة الثانية»,وفي أخريات ربيع الأول من هذه السنة ، نزلوا قرطبة ، ودخلوا مدينة الزّهراء . وانضمّ الخلق من الأحواز إلى المدينة ، وانتشرت الغارات,يدعم جزئيًا,مطابق لصورة الصفحة (قراءة بصرية للنسخة المصوّرة، 2026-09-24),ابن الخطيب يذكر دخول البربر مدينة الزهراء في أواخر ربيع الأول، والسنة غير مصرّح بها: الفصل يبدأ بعد مقتل المهدي في 8 ذي الحجة 400هـ (ص116)، فالسنة 401هـ استنتاجًا (أواخر ربيع الأول 401 ≈ أوائل نوفمبر 1010م)، وهو ما يطابق رواية عنان (ATT-029). النص لا يذكر لفظ الخراب، بل الدخول والغارات.,https://archive.org/details/ar106biog55
ATT-269,AST-G27,12 فبراير 1502 (نحو 4 شعبان 907هـ),موثّق,"Pablo Ortego Rico، «Cristianos y mudéjares ante la conversión de 1502. Mercedes a moros. Mercedes de bienes de moros»، Espacio, Tiempo y Forma, Serie III, Historia Medieval، ع24 (2011)، ص279–318",ص279,"el 12 de febrero de 1502 Isabel y Fernando promulgaban una pragmática que ponía fin, tras más de cuatro siglos, a la presencia de mudéjares en Castilla",يدعم,مطابق في استخراجين مستقلين من ملف PDF عبر WebFetch بنموذج مساعد، 2026-09-24 — يُعاد بالعين قبل النشر,يحدد يوم الإصدار: 12 فبراير 1502. الحاشية 1 تحيل إلى Molénat (2001).,https://revistas.uned.es/index.php/ETFIII/article/download/1672/1553/4521
ATT-270,AST-G27,12 فبراير 1502 (نحو 4 شعبان 907هـ),موثّق,"Pablo Ortego Rico، «Cristianos y mudéjares ante la conversión de 1502. Mercedes a moros. Mercedes de bienes de moros»، Espacio, Tiempo y Forma, Serie III, Historia Medieval، ع24 (2011)، ص279–318",ص283,"Finalmente, el 12 de febrero de 1502, la promulgación de la pragmática referida pondría fin a la realidad mudéjar al establecer la conversión obligatoria de todos los moros varones mayores de catorce años y mujeres mayores de doce",يدعم,مطابق في استخراجين مستقلين من ملف PDF عبر WebFetch بنموذج مساعد، 2026-09-24 — يُعاد بالعين قبل النشر,مضمون الأمر: التنصير الإلزامي للذكور فوق 14 سنة والإناث فوق 12. الحاشية 23 تحيل إلى Ladero Quesada، Los mudéjares de Castilla، ص127–130، وهو مظنّة نص الوثيقة نفسها.,https://revistas.uned.es/index.php/ETFIII/article/download/1672/1553/4521
ATT-271,AST-G27,12 فبراير 1502 (نحو 4 شعبان 907هـ),موثّق,"Miguel Ángel Ladero Quesada، Andalucía a fines de la Edad Media: estructuras, valores, sucesos، قادس: Servicio de Publicaciones de la Universidad de Cádiz، 1999، 364 ص، ISBN 84-7786-645-7",ص179 (فصل «Grupos sociales rurales y urbanos»),"La pragmática real de 12 de febrero de 1502 instaba, como la relativa a los judíos de 31 de marzo de 1492, a optar entre el bautismo y la emigración",يدعم,مطابق لنص OCR للنسخة المرفقة (بحث نصي مباشر، 2026-09-24) — يُقابل بصورة الصفحة قبل النشر,شاهد مستقل ثانٍ لتاريخ 12 فبراير 1502 من كبير المتخصصين في مدجّني قشتالة، وهو المرجع الذي يحيل إليه Ortego Rico. يذكر أيضًا أن أغلب المدجّنين اختاروا التنصير، وأن لمدجّني إشبيلية «capitulaciones» مع الملكين.,
ATT-272,AST-G27,12 فبراير 1502 (نحو 4 شعبان 907هـ),موثّق,"Miguel Ángel Ladero Quesada، Andalucía a fines de la Edad Media: estructuras, valores, sucesos، قادس: Servicio de Publicaciones de la Universidad de Cádiz، 1999، 364 ص، ISBN 84-7786-645-7",بين ص317 وص320 (أرقام الصفحات 318–319 ساقطة من نص OCR),"hasta que, a comienzos de 1502, una pragmática real ordenó -como para los judíos en 1492- la alternativa entre bautismo o expulsión",يدعم,مطابق لنص OCR للنسخة المرفقة (بحث نصي مباشر، 2026-09-24) — يُقابل بصورة الصفحة قبل النشر,يربط الأمر بثورات غرناطة 1500–1501 ويضعه في أوائل 1502.,
ATT-273,AST-015,خراب مدينة الزهراء في الفتنة: دخلها البربر أواخر ربيع الأول 401هـ (نوفمبر 1010م)، واستُؤصل خرابها في أيام المستكفي 414–416هـ (1024–1025م),صُحح وموثّق,ابن بسام الشنتريني (ت 542هـ)، الذخيرة في محاسن أهل الجزيرة — نسخة الشاملة 1035,ج1 ص436 (بحسب ترقيم الشاملة للمطبوع)، أخبار المستكفي,وفي أيام المستكفي هذا استؤصل بقية قصوره جده الناصر بالخراب، وطمست أعلام قصر الزهراء، واقتلع نحاس الأبواب ورصاص القني,يدعم,مطابق حرفيًا (فحص آلي بأداة verify_quote في وصلة الشاملة، 2026-09-24),أصرح نص أولي في خراب الزهراء بلفظه: الخراب التام في أيام المستكفي، ويتلوه في الصفحة نفسها خلعه «سنة ست عشرة» (416هـ). ويقول بعده: «فعدا عليها قبل تمام المائة»، أي قبل مرور مئة سنة على تأسيسها (325هـ).,https://shamela.ws/book/1035/432
ATT-274,AST-015,خراب مدينة الزهراء في الفتنة: دخلها البربر أواخر ربيع الأول 401هـ (نوفمبر 1010م)، واستُؤصل خرابها في أيام المستكفي 414–416هـ (1024–1025م),صُحح وموثّق,الحميدي (ت 488هـ)، جذوة المقتبس في ذكر ولاة الأندلس — نسخة الشاملة 5742,ص26، «ولاية محمد بن عبد الرحمن المستكفى»,وولى محمد بن عبد الرحمن المذكور، وله ثمان وأربعون سنة وأشهر، لأن مولده في سنة ست وستين وثلاث مائة,يدعم جزئيًا,مطابق لنص الصفحة (قراءة مباشرة عبر وصلة الشاملة، 2026-09-24),يحدد بداية ولاية المستكفي استنتاجًا: 366 + 48 = 414هـ. وفي ص27 أنه ولي «ستة عشر شهراً وأياماً»، فيوافق خلعه سنة 416هـ عند ابن بسام.,https://shamela.ws/book/5742/26
ATT-275,AST-022,توفي بعد 400هـ (1009م)؛ السنة المحددة غير معروفة (نحو 1013م عند Britannica، و427هـ/1036م عند الزركلي),موثّق جزئيًا,ابن حزم (ت 456هـ)، رسائل ابن حزم (رسالة في فضل الأندلس) — نسخة الشاملة 1038,ج2 ص185 (بحسب ترقيم الشاملة للمطبوع)، رسالة في فضل الأندلس,وكتاب التصريف [لمن عجز عن التأليف] لأبي القاسم خلف بن عباس الزهراوي (٣) ، وقد أدركناه وشاهدناه,يدعم جزئيًا,مطابق حرفيًا (فحص آلي بأداة verify_quote في وصلة الشاملة، 2026-09-24),شهادة معاصر: ابن حزم (384–456هـ) رأى الزهراوي، فحياته امتدت إلى أوائل القرن الخامس. وهذا يوافق «بعد الأربع مئة» في الصلة، ولا يعطي سنة.,https://shamela.ws/book/1038/625
ATT-276,AST-022,توفي بعد 400هـ (1009م)؛ السنة المحددة غير معروفة (نحو 1013م عند Britannica، و427هـ/1036م عند الزركلي),موثّق جزئيًا,خير الدين الزركلي (ت 1396هـ)، الأعلام — نسخة الشاملة 12286,ج2 ص310 (بحسب ترقيم الشاملة للمطبوع),الزَّهْرَاوي (٠٠٠ - ٤٢٧ هـ = ٠٠٠ - ١٠٣٦ م),يخالف,مطابق حرفيًا (فحص آلي بأداة verify_quote في وصلة الشاملة، 2026-09-24),الزركلي يجعل الوفاة 427هـ (1036م) لا 1013م كما عند Britannica. كلا الرقمين تقدير حديث، ولم أعثر ضمن البحث المنفذ على نص أولي بسنة الوفاة.,https://shamela.ws/book/12286/1847
ATT-277,AST-G17,1333 (14 شوال 733هـ) – بعد 795هـ (أواخر 1393م أو بعدها),موثّق جزئيًا,خير الدين الزركلي (ت 1396هـ)، الأعلام — نسخة الشاملة 12286,ج7 ص154 (بحسب ترقيم الشاملة للمطبوع),ابن زَمْرَك (٧٣٣ - نحو ٧٩٣ هـ = ١٣٣٣ - نحو ١٣٩٠ م),يخالف,مطابق حرفيًا (فحص آلي بأداة verify_quote في وصلة الشاملة، 2026-09-24),تقدير حديث يخالف نص المقري (ATT-213) أن قتله بعد 795هـ. فالمراجع الحديثة الآن: نحو 793 (الزركلي)، و1393/1394 (الباتروناتو)، و797 (عنان).,https://shamela.ws/book/12286/6395
